{"type":"FeatureCollection","name":"36 phường xã thuộc khu vực Bình Dương cũ sau sắp xếp 2025","source":"OpenStreetMap administrative relations","updated_at":"2026-07-28","features":[{"type":"Feature","properties":{"slug":"dong-hoa","name":"Đông Hòa","layer":"current","unit_type":"Phường","group":"Dĩ An","summary":"Phường Đông Hòa thuộc khu vực Bình Dương cũ sau sắp xếp năm 2025.","dashboard_href":"/?tab=signals","dashboard_label":"Xem tin đang bán","source":"OpenStreetMap","former_units":"Bình An, Bình Thắng và Đông Hòa"},"geometry":{"type":"Polygon","coordinates":[[[106.7687803,10.8961326],[106.769114,10.8940297],[106.7695436,10.8939241],[106.7727065,10.8897056],[106.7751065,10.8875456],[106.7769065,10.8849856],[106.7805065,10.8813356],[106.7811065,10.8800856],[106.7813065,10.8782456],[106.7821065,10.8771956],[106.7820045,10.8755774],[106.7818545,10.873959],[106.7802299,10.8696588],[106.7803318,10.8682665],[106.7830268,10.8674882],[106.7877281,10.8672115],[106.7879506,10.8700758],[106.7889215,10.8719524],[106.7921659,10.8719756],[106.7921713,10.8725947],[106.7935278,10.8725871],[106.795159,10.8735589],[106.7958812,10.8735609],[106.7958854,10.8732205],[106.7978258,10.8732082],[106.7978832,10.8723569],[106.7986664,10.8720074],[106.8013329,10.8736321],[106.8043491,10.8737027],[106.8049943,10.8742744],[106.8052969,10.8751165],[106.8077189,10.8738529],[106.8084835,10.8729171],[106.8130632,10.8791098],[106.8138254,10.8783947],[106.8152443,10.8796043],[106.8162917,10.881227],[106.8171911,10.8810661],[106.8178166,10.8828694],[106.8175364,10.8829152],[106.8174819,10.8835977],[106.8180712,10.8842222],[106.8191082,10.884243],[106.819402,10.8857514],[106.8204082,10.886344],[106.8203743,10.8857419],[106.8217842,10.8858868],[106.8221712,10.8861909],[106.8223836,10.8870598],[106.8241281,10.8882349],[106.8242309,10.8891291],[106.8235777,10.8910133],[106.8235777,10.8925433],[106.8238948,10.8928774],[106.8250914,10.8928682],[106.8253466,10.8932105],[106.8249857,10.8932738],[106.8250931,10.8937553],[106.8258688,10.8936644],[106.8267285,10.8947951],[106.8279449,10.8942913],[106.8298537,10.8949756],[106.8304938,10.8960567],[106.831681,10.8969058],[106.832364,10.896814],[106.8323356,10.8971813],[106.8329169,10.8972811],[106.8332706,10.8979957],[106.8339115,10.8979766],[106.8339199,10.8982586],[106.8382178,10.8983633],[106.8401265,10.8988461],[106.8392887,10.9029983],[106.8345714,10.9036653],[106.8334665,10.9046704],[106.8326707,10.9063525],[106.832115,10.9067468],[106.8307841,10.9062975],[106.8300135,10.9050043],[106.8286123,10.9041012],[106.8265256,10.9038206],[106.823553,10.9027958],[106.8223179,10.903154],[106.821839,10.903836],[106.8213619,10.9031744],[106.8161058,10.9033521],[106.8148035,10.9046944],[106.8147266,10.9063567],[106.813948,10.9075083],[106.815273,10.9079723],[106.8151867,10.9103502],[106.8136999,10.9131015],[106.8123867,10.914157],[106.8115171,10.9154174],[106.8116285,10.9169329],[106.8121066,10.9175251],[106.8108381,10.9180121],[106.8107446,10.9186428],[106.8102121,10.9185111],[106.8093332,10.9189361],[106.8089147,10.9195658],[106.809041,10.9198396],[106.8083709,10.9197549],[106.8075459,10.9203797],[106.8053152,10.9207788],[106.8051213,10.9204229],[106.8042935,10.9204934],[106.8033938,10.9199549],[106.8019873,10.9198131],[106.796587,10.9121592],[106.7943623,10.9056657],[106.7930396,10.9058437],[106.7928977,10.9054449],[106.7911467,10.9048952],[106.7895691,10.9037535],[106.7868544,10.9034443],[106.786809,10.9029465],[106.7827147,10.9036736],[106.7823726,10.904624],[106.7786377,10.9046603],[106.7769478,10.9050468],[106.773187,10.9046834],[106.7728905,10.9027572],[106.7722517,10.9017811],[106.7707496,10.9023349],[106.7702731,10.9013278],[106.7690657,10.9006336],[106.7694951,10.8996786],[106.7694766,10.8985429],[106.7687803,10.8961326]]]}},{"type":"Feature","properties":{"slug":"di-an","name":"Dĩ An","layer":"current","unit_type":"Phường","group":"Dĩ An","summary":"Phường Dĩ An thuộc khu vực Bình Dương cũ sau sắp xếp năm 2025.","dashboard_href":"/?tab=signals","dashboard_label":"Xem tin đang bán","source":"OpenStreetMap","former_units":"An Bình, Dĩ An và một phần Tân Đông Hiệp"},"geometry":{"type":"Polygon","coordinates":[[[106.7341768,10.8805112],[106.7353749,10.8802261],[106.7360653,10.8796048],[106.7366584,10.8806],[106.7384029,10.8794311],[106.7396693,10.8809044],[106.7403898,10.8807626],[106.7411417,10.8814406],[106.7432901,10.8804375],[106.7435357,10.8809347],[106.7437697,10.8807094],[106.7449812,10.8816265],[106.7456581,10.8807856],[106.744687,10.8800774],[106.7471969,10.8773867],[106.7483768,10.8782166],[106.749396,10.8767632],[106.7503719,10.8772949],[106.751339,10.8754629],[106.7464425,10.8738789],[106.7470408,10.872075],[106.7459858,10.8717248],[106.747341,10.8694849],[106.747918,10.8692233],[106.7479409,10.8673159],[106.7487055,10.8656559],[106.7490898,10.8658042],[106.7500353,10.8642951],[106.7502574,10.864407],[106.7505076,10.8640323],[106.7512102,10.8644268],[106.7516204,10.8634757],[106.7524971,10.863786],[106.7537465,10.8651952],[106.7535757,10.8657096],[106.7549172,10.8664007],[106.7560405,10.8663954],[106.7575009,10.8670868],[106.7595389,10.8668755],[106.7622395,10.8672623],[106.7631743,10.8689733],[106.7632849,10.8699203],[106.7603765,10.8723815],[106.7617939,10.8743899],[106.7612713,10.8745629],[106.7618984,10.8755415],[106.7614269,10.8785209],[106.7619415,10.8787059],[106.7605209,10.8812602],[106.7635609,10.883864],[106.7640119,10.8849425],[106.7645467,10.8848594],[106.764737,10.8863171],[106.7652788,10.8876148],[106.7660192,10.8884548],[106.7668916,10.8915511],[106.7676681,10.8916337],[106.7672646,10.8925065],[106.7684183,10.8922433],[106.7684209,10.8940402],[106.769114,10.8940297],[106.7687803,10.8961326],[106.7694766,10.8985429],[106.7694951,10.8996786],[106.7690657,10.9006336],[106.7702731,10.9013278],[106.7707496,10.9023349],[106.7722517,10.9017811],[106.7728905,10.9027572],[106.773187,10.9046834],[106.7769478,10.9050468],[106.7786377,10.9046603],[106.7823726,10.904624],[106.7827147,10.9036736],[106.786809,10.9029465],[106.7868544,10.9034443],[106.7895691,10.9037535],[106.7911467,10.9048952],[106.7928977,10.9054449],[106.7930396,10.9058437],[106.7943623,10.9056657],[106.7946162,10.9065161],[106.783114,10.9099945],[106.7809427,10.9116953],[106.7782001,10.9130906],[106.7685646,10.9159922],[106.7684528,10.9190709],[106.7651412,10.9249683],[106.7560161,10.9295608],[106.7507001,10.9372637],[106.7467395,10.9346945],[106.7471453,10.9341056],[106.7463945,10.9341165],[106.7448573,10.9333578],[106.745123,10.9325688],[106.7431445,10.932169],[106.7431316,10.9318766],[106.7421014,10.9318818],[106.7397603,10.8903818],[106.7368702,10.8848386],[106.7341768,10.8805112]]]}},{"type":"Feature","properties":{"slug":"tan-dong-hiep","name":"Tân Đông Hiệp","layer":"current","unit_type":"Phường","group":"Dĩ An","summary":"Phường Tân Đông Hiệp thuộc khu vực Bình Dương cũ sau sắp xếp năm 2025.","dashboard_href":"/?tab=signals","dashboard_label":"Xem tin đang bán","source":"OpenStreetMap","former_units":"Tân Bình, một phần Thái Hòa và phần còn lại của Tân Đông Hiệp"},"geometry":{"type":"Polygon","coordinates":[[[106.7453677,10.953401],[106.7469411,10.9473016],[106.7483105,10.9445076],[106.7493747,10.9402293],[106.7507001,10.9372637],[106.7560161,10.9295608],[106.7651412,10.9249683],[106.7684528,10.9190709],[106.7685646,10.9159922],[106.7782001,10.9130906],[106.7809427,10.9116953],[106.783114,10.9099945],[106.7946162,10.9065161],[106.796587,10.9121592],[106.8019873,10.9198131],[106.8011304,10.9200413],[106.7987793,10.9219455],[106.797925,10.921868],[106.796367,10.9227031],[106.7946517,10.9230362],[106.7944724,10.9236986],[106.7881823,10.9221468],[106.7880575,10.9228611],[106.7917716,10.9265979],[106.7913499,10.9283403],[106.7917697,10.9298467],[106.7907522,10.9318458],[106.7886276,10.9329235],[106.7872169,10.9328198],[106.7856167,10.9333045],[106.7836955,10.9327519],[106.7833506,10.9358094],[106.7826645,10.936631],[106.7820358,10.9382108],[106.7798089,10.9370943],[106.7795979,10.9372326],[106.7792968,10.9368205],[106.7777732,10.9377307],[106.7783024,10.9384722],[106.7783206,10.9391206],[106.7769888,10.9393231],[106.7763847,10.9386308],[106.7754205,10.9403084],[106.7745867,10.9398988],[106.7726604,10.9412035],[106.7700984,10.9442358],[106.7698234,10.9464198],[106.7693154,10.9475943],[106.7695224,10.949078],[106.7699988,10.9496477],[106.7698536,10.9508757],[106.7703992,10.9513519],[106.7710111,10.9510126],[106.7708821,10.9520361],[106.770198,10.9525134],[106.7687364,10.9517248],[106.7669939,10.9521621],[106.7659061,10.9518379],[106.7644555,10.9521881],[106.7628212,10.9534134],[106.7640247,10.9559669],[106.7645371,10.9560918],[106.7648073,10.9568483],[106.7646567,10.9581492],[106.7651569,10.9585618],[106.7648298,10.9597913],[106.76248,10.9609698],[106.7619663,10.9618707],[106.7622899,10.9629888],[106.7620874,10.963298],[106.7636232,10.9647232],[106.7644239,10.9634095],[106.7657789,10.9644042],[106.7663047,10.9640092],[106.7664924,10.9645622],[106.7666059,10.9634518],[106.7679289,10.9644446],[106.7692897,10.9641577],[106.7702565,10.9651524],[106.7713282,10.9652616],[106.7715821,10.9647367],[106.7711685,10.9634296],[106.7720561,10.9630891],[106.7727773,10.9622371],[106.7732134,10.9594608],[106.7741918,10.9592354],[106.7755185,10.9592452],[106.7761495,10.9595903],[106.777896,10.9619561],[106.7789048,10.9627997],[106.7832499,10.9646174],[106.7814625,10.9716179],[106.7798384,10.9740879],[106.7772644,10.9755283],[106.7719535,10.9769291],[106.7691744,10.9793866],[106.7689374,10.9804787],[106.7672672,10.9808016],[106.7649941,10.9777358],[106.7651748,10.9762002],[106.7660925,10.9752095],[106.7497641,10.977184],[106.7493911,10.9739362],[106.7495497,10.9730923],[106.7489571,10.9713881],[106.7489321,10.9708474],[106.7493661,10.9704295],[106.7493577,10.9691759],[106.7506597,10.9693726],[106.7512272,10.9684631],[106.7507181,10.9678322],[106.7515276,10.967185],[106.7519533,10.9677831],[106.7533589,10.9657115],[106.7526532,10.9640269],[106.7504291,10.9617269],[106.7470577,10.9571449],[106.7453677,10.953401]]]}},{"type":"Feature","properties":{"slug":"an-phu","name":"An Phú","layer":"current","unit_type":"Phường","group":"Thuận An","summary":"Phường An Phú thuộc khu vực Bình Dương cũ sau sắp xếp năm 2025.","dashboard_href":"/?tab=signals","dashboard_label":"Xem tin đang bán","source":"OpenStreetMap","former_units":"An Phú và một phần Bình Chuẩn"},"geometry":{"type":"Polygon","coordinates":[[[106.7160908,10.9737418],[106.7191739,10.971757],[106.7244452,10.9706102],[106.7249045,10.9698286],[106.7253803,10.9701165],[106.7274407,10.9669762],[106.7265463,10.9669311],[106.7251546,10.9646408],[106.7263386,10.9609531],[106.725763,10.9567848],[106.7267978,10.9458989],[106.7247492,10.944818],[106.7244502,10.9419099],[106.7250094,10.9382202],[106.7243876,10.9380121],[106.7260355,10.9339233],[106.7258162,10.9334504],[106.7268634,10.9317312],[106.7266725,10.9313573],[106.7270673,10.9309191],[106.7269815,10.930464],[106.7274793,10.9302449],[106.7278227,10.9296044],[106.7286981,10.929301],[106.7286123,10.9268402],[106.7289384,10.9269076],[106.7289728,10.9266211],[106.7322172,10.9270088],[106.7322172,10.9265874],[106.7347782,10.9273337],[106.7418018,10.926927],[106.7421014,10.9318818],[106.7431316,10.9318766],[106.7431445,10.932169],[106.745123,10.9325688],[106.7448573,10.9333578],[106.7463945,10.9341165],[106.7471453,10.9341056],[106.7467395,10.9346945],[106.7507001,10.9372637],[106.7493747,10.9402293],[106.7483105,10.9445076],[106.7469411,10.9473016],[106.7453677,10.953401],[106.7470577,10.9571449],[106.7504291,10.9617269],[106.7526532,10.9640269],[106.7533589,10.9657115],[106.7519533,10.9677831],[106.7515276,10.967185],[106.7507181,10.9678322],[106.7512272,10.9684631],[106.7506597,10.9693726],[106.7493577,10.9691759],[106.7493661,10.9704295],[106.7489321,10.9708474],[106.7489571,10.9713881],[106.7495497,10.9730923],[106.7493911,10.9739362],[106.7497641,10.977184],[106.7410216,10.9780713],[106.7406236,10.981197],[106.7424651,10.9866972],[106.7405047,10.9863358],[106.7377901,10.9863822],[106.7358932,10.9873259],[106.7352819,10.9862591],[106.7310126,10.9885066],[106.7300784,10.9878237],[106.7264123,10.9908661],[106.7246537,10.9919552],[106.7232165,10.9922141],[106.7225126,10.9863201],[106.7214645,10.9824335],[106.7160908,10.9737418]]]}},{"type":"Feature","properties":{"slug":"binh-hoa","name":"Bình Hòa","layer":"current","unit_type":"Phường","group":"Thuận An","summary":"Phường Bình Hòa thuộc khu vực Bình Dương cũ sau sắp xếp năm 2025.","dashboard_href":"/?tab=signals","dashboard_label":"Xem tin đang bán","source":"OpenStreetMap","former_units":"Bình Hòa và một phần Vĩnh Phú"},"geometry":{"type":"Polygon","coordinates":[[[106.6949081,10.8735327],[106.6984892,10.8696813],[106.701602,10.8675029],[106.7043915,10.8669246],[106.7101779,10.8664698],[106.7131142,10.8657067],[106.7154729,10.8683837],[106.7150398,10.8726183],[106.7162931,10.872861],[106.7179142,10.8724119],[106.7199607,10.8723219],[106.7214599,10.8717347],[106.7236453,10.8717823],[106.7234802,10.8727462],[106.7226278,10.8734193],[106.7217364,10.8748499],[106.7214372,10.8763851],[106.7152941,10.8774166],[106.7140468,10.8769959],[106.713841,10.8778073],[106.7128507,10.8774169],[106.7126469,10.8778823],[106.7139831,10.8793655],[106.7178787,10.8809826],[106.7169349,10.8826782],[106.716614,10.8846164],[106.7175863,10.8877483],[106.7170399,10.8879851],[106.7155501,10.8877036],[106.7144266,10.8868687],[106.7138627,10.8875052],[106.7145051,10.8881524],[106.7134711,10.8887852],[106.7131045,10.8894264],[106.7131068,10.8899024],[106.7156487,10.8931468],[106.717641,10.8964358],[106.7210466,10.8940282],[106.727496,10.89019],[106.7286801,10.8910624],[106.7295653,10.8896769],[106.7328295,10.8907332],[106.7314616,10.8859131],[106.7368171,10.8847474],[106.7396155,10.8898535],[106.7418018,10.926927],[106.7347782,10.9273337],[106.7322172,10.9265874],[106.7322172,10.9270088],[106.7289728,10.9266211],[106.7289384,10.9269076],[106.7286123,10.9268402],[106.7286981,10.929301],[106.7278227,10.9296044],[106.7274793,10.9302449],[106.7269815,10.930464],[106.7270673,10.9309191],[106.7266725,10.9313573],[106.7268634,10.9317312],[106.7258162,10.9334504],[106.7260355,10.9339233],[106.7243876,10.9380121],[106.7250094,10.9382202],[106.7244502,10.9419099],[106.7230028,10.9419062],[106.722385,10.9415706],[106.7219044,10.9391436],[106.7212349,10.9391268],[106.7202221,10.9356885],[106.7197586,10.9357728],[106.71913,10.9346761],[106.7195698,10.9342896],[106.7185576,10.9323323],[106.7178188,10.9326716],[106.716909,10.9316097],[106.7164112,10.930413],[106.7161537,10.9305816],[106.71217,10.9268593],[106.7135356,10.9207111],[106.7125328,10.9034774],[106.7119955,10.901832],[106.7104484,10.8992593],[106.7051461,10.892897],[106.7055203,10.8924242],[106.7063002,10.8922931],[106.706587,10.891484],[106.7068965,10.8914304],[106.7074867,10.8920323],[106.7087418,10.8912702],[106.7068402,10.883918],[106.7048737,10.8842346],[106.7045166,10.8823176],[106.7023225,10.8827813],[106.7011363,10.8825551],[106.7018802,10.8797826],[106.7030568,10.8773071],[106.6974017,10.8752146],[106.6949081,10.8735327]]]}},{"type":"Feature","properties":{"slug":"lai-thieu","name":"Lái Thiêu","layer":"current","unit_type":"Phường","group":"Thuận An","summary":"Phường Lái Thiêu thuộc khu vực Bình Dương cũ sau sắp xếp năm 2025.","dashboard_href":"/?tab=signals","dashboard_label":"Xem tin đang bán","source":"OpenStreetMap","former_units":"Bình Nhâm, Lái Thiêu và phần còn lại của Vĩnh Phú"},"geometry":{"type":"Polygon","coordinates":[[[106.6802602,10.9253921],[106.6804494,10.9235207],[106.6818709,10.9231606],[106.6834012,10.9223123],[106.684712,10.9212072],[106.6856601,10.919896],[106.688034,10.9155879],[106.691156,10.9085023],[106.6932642,10.9027001],[106.69442,10.8975286],[106.6943926,10.8947969],[106.6935648,10.8926977],[106.6895993,10.8862957],[106.6891144,10.8849742],[106.6889612,10.8831161],[106.6900092,10.8800118],[106.6949081,10.8735327],[106.6974017,10.8752146],[106.7030568,10.8773071],[106.7018802,10.8797826],[106.7011363,10.8825551],[106.7023225,10.8827813],[106.7045166,10.8823176],[106.7048737,10.8842346],[106.7068402,10.883918],[106.7087418,10.8912702],[106.7074867,10.8920323],[106.7068965,10.8914304],[106.706587,10.891484],[106.7063002,10.8922931],[106.7055203,10.8924242],[106.7051461,10.892897],[106.7104484,10.8992593],[106.7124103,10.9029061],[106.7135356,10.9207111],[106.713232,10.9229235],[106.7108,10.932218],[106.7097667,10.9322014],[106.7097406,10.9328004],[106.7081883,10.9328038],[106.7082368,10.9344908],[106.7077305,10.9348748],[106.7061624,10.9329016],[106.7051253,10.9333466],[106.7054726,10.9338538],[106.7052468,10.9344639],[106.7049349,10.9348169],[106.704596,10.9345823],[106.704128,10.9358054],[106.7034558,10.9355653],[106.7029136,10.936983],[106.7023308,10.9368893],[106.6983049,10.9385845],[106.6951528,10.9393742],[106.6939526,10.938126],[106.6921975,10.9391471],[106.689347,10.9366202],[106.6891692,10.9362417],[106.6894453,10.9358007],[106.6889446,10.9356994],[106.6879421,10.9336763],[106.6859272,10.9321151],[106.6848282,10.9307161],[106.684507,10.930771],[106.6837535,10.9289398],[106.6820078,10.9299733],[106.6816635,10.9287252],[106.6817236,10.9269933],[106.6806507,10.9262138],[106.6802602,10.9253921]]]}},{"type":"Feature","properties":{"slug":"thuan-an","name":"Thuận An","layer":"current","unit_type":"Phường","group":"Thuận An","summary":"Phường Thuận An thuộc khu vực Bình Dương cũ sau sắp xếp năm 2025.","dashboard_href":"/?tab=signals","dashboard_label":"Xem tin đang bán","source":"OpenStreetMap","former_units":"Hưng Định, An Thạnh và An Sơn"},"geometry":{"type":"Polygon","coordinates":[[[106.6502,10.9362],[106.6508,10.93312],[106.6525,10.93027],[106.6534,10.92909],[106.6572929,10.9258852],[106.6615605,10.9232574],[106.6639035,10.9221742],[106.6678204,10.920909],[106.6701062,10.9208999],[106.678145,10.9233694],[106.6804494,10.9235207],[106.6803632,10.9258346],[106.6817236,10.9269933],[106.6816635,10.9287252],[106.6820078,10.9299733],[106.6837535,10.9289398],[106.684507,10.930771],[106.6848282,10.9307161],[106.6859272,10.9321151],[106.6879421,10.9336763],[106.6889446,10.9356994],[106.6894453,10.9358007],[106.6891692,10.9362417],[106.689347,10.9366202],[106.6921975,10.9391471],[106.6939526,10.938126],[106.6951528,10.9393742],[106.6983049,10.9385845],[106.7023308,10.9368893],[106.7029136,10.936983],[106.704071,10.939484],[106.7047215,10.9399272],[106.705396,10.9410859],[106.7061422,10.9412373],[106.7065393,10.9442678],[106.7062638,10.9468474],[106.7072993,10.9470288],[106.7061101,10.9506523],[106.7025042,10.9516024],[106.6999701,10.9515069],[106.7006921,10.9528304],[106.699439,10.9536488],[106.7016542,10.9556867],[106.6986223,10.9586318],[106.6962018,10.9603108],[106.6892607,10.9636049],[106.686103,10.9608946],[106.6856309,10.9600371],[106.6817521,10.9573098],[106.6800463,10.9614635],[106.6781473,10.9606129],[106.6772849,10.9598625],[106.6750145,10.9591988],[106.6750279,10.9589855],[106.6737834,10.9590592],[106.6737941,10.9588012],[106.6728446,10.9585273],[106.6730618,10.957761],[106.6719808,10.9572096],[106.6723001,10.9563522],[106.671423,10.9562311],[106.6715491,10.9558492],[106.6691082,10.9544035],[106.6699317,10.9532528],[106.6678305,10.9520079],[106.6663445,10.9526524],[106.6658918,10.9510288],[106.6678248,10.9498416],[106.6684367,10.9482744],[106.6701104,10.9469431],[106.6677121,10.9433286],[106.6669324,10.943528],[106.6664791,10.9444116],[106.6656424,10.9436399],[106.6648412,10.943853],[106.6644239,10.9456229],[106.663606,10.9466717],[106.6609521,10.9461473],[106.6600007,10.9439841],[106.659116,10.9428861],[106.6580645,10.9400018],[106.6574469,10.9397232],[106.6556943,10.9403623],[106.654142,10.9401165],[106.6533909,10.9405918],[106.6525994,10.9419639],[106.6516,10.94217],[106.6504,10.93846],[106.6502,10.9362]]]}},{"type":"Feature","properties":{"slug":"thuan-giao","name":"Thuận Giao","layer":"current","unit_type":"Phường","group":"Thuận An","summary":"Phường Thuận Giao thuộc khu vực Bình Dương cũ sau sắp xếp năm 2025.","dashboard_href":"/?tab=signals","dashboard_label":"Xem tin đang bán","source":"OpenStreetMap","former_units":"Thuận Giao và phần còn lại của Bình Chuẩn"},"geometry":{"type":"Polygon","coordinates":[[[106.6892607,10.9636049],[106.6969271,10.9598958],[106.7016542,10.9556867],[106.699439,10.9536488],[106.7006921,10.9528304],[106.6999701,10.9515069],[106.7025042,10.9516024],[106.7061101,10.9506523],[106.7072993,10.9470288],[106.7062638,10.9468474],[106.7065393,10.9442678],[106.7061422,10.9412373],[106.705396,10.9410859],[106.7047215,10.9399272],[106.704071,10.939484],[106.7029131,10.9374278],[106.702928,10.936863],[106.7034558,10.9355653],[106.704128,10.9358054],[106.704596,10.9345823],[106.7049349,10.9348169],[106.7052468,10.9344639],[106.7054726,10.9338538],[106.7051253,10.9333466],[106.7061624,10.9329016],[106.7077305,10.9348748],[106.7082368,10.9344908],[106.7081883,10.9328038],[106.7097406,10.9328004],[106.7097667,10.9322014],[106.7108,10.932218],[106.71217,10.9268593],[106.7161537,10.9305816],[106.7164112,10.930413],[106.716909,10.9316097],[106.7178188,10.9326716],[106.7185576,10.9323323],[106.7195698,10.9342896],[106.71913,10.9346761],[106.7197586,10.9357728],[106.7202221,10.9356885],[106.7212349,10.9391268],[106.7219044,10.9391436],[106.722385,10.9415706],[106.7230028,10.9419062],[106.7244502,10.9419099],[106.7247492,10.944818],[106.7267978,10.9458989],[106.725763,10.9567848],[106.7263386,10.9609531],[106.7251546,10.9646408],[106.7265463,10.9669311],[106.7274407,10.9669762],[106.7253803,10.9701165],[106.7249045,10.9698286],[106.7244452,10.9706102],[106.7191739,10.971757],[106.7160908,10.9737418],[106.721387,10.9822456],[106.7221613,10.9844715],[106.7229303,10.9899964],[106.7216639,10.9902587],[106.7210678,10.9908787],[106.720262,10.9909298],[106.7203029,10.9918314],[106.718335,10.9920873],[106.7183211,10.9929463],[106.7178914,10.9928357],[106.7178678,10.9931869],[106.7153141,10.9934945],[106.7161376,10.9953467],[106.7154193,10.9954412],[106.7148963,10.9954307],[106.7147434,10.9951055],[106.7121792,10.993814],[106.7123213,10.9924344],[106.7116079,10.9924633],[106.7115757,10.9921131],[106.7109239,10.992329],[106.7107685,10.9916955],[106.7095156,10.991994],[106.707644,10.9917198],[106.7075068,10.9940536],[106.7087062,10.9974933],[106.7071673,10.9966615],[106.7047896,10.9946791],[106.6976483,10.9902816],[106.6964668,10.9887007],[106.6962587,10.9874029],[106.6972465,10.9867955],[106.6972048,10.9862957],[106.6983481,10.9858779],[106.6988072,10.9841492],[106.6984483,10.982953],[106.6991911,10.982355],[106.6994247,10.9809785],[106.7005681,10.9796021],[106.7011523,10.9781929],[106.7008936,10.9749649],[106.7010855,10.9742029],[106.7019303,10.9733855],[106.7021782,10.9726439],[106.7008209,10.9708132],[106.7002898,10.9708711],[106.6976224,10.9686812],[106.6935387,10.966329],[106.6903283,10.9650197],[106.6892607,10.9636049]]]}},{"type":"Feature","properties":{"slug":"thu-dau-mot","name":"Thủ Dầu Một","layer":"current","unit_type":"Phường","group":"Thủ Dầu Một","summary":"Phường Thủ Dầu Một thuộc khu vực Bình Dương cũ sau sắp xếp năm 2025.","dashboard_href":"/?tab=signals&city=Th%E1%BB%A7%20D%E1%BA%A7u%20M%E1%BB%99t","dashboard_label":"Lọc tin Thủ Dầu Một","source":"OpenStreetMap","former_units":"Phú Cường, Phú Thọ, Chánh Nghĩa, Chánh Mỹ và một phần Hiệp Thành"},"geometry":{"type":"Polygon","coordinates":[[[106.6298032,10.9822892],[106.6305985,10.9813545],[106.6302207,10.980452],[106.6304247,10.9785269],[106.6337022,10.977713],[106.6374022,10.977443],[106.6431022,10.980673],[106.6459,10.9813],[106.6475,10.98096],[106.6486,10.98004],[106.6492,10.97888],[106.6502,10.97444],[106.6488,10.96706],[106.6489,10.96449],[106.6496,10.96138],[106.6518,10.95474],[106.6524,10.95096],[106.6524,10.9472],[106.6516,10.94217],[106.6525994,10.9419639],[106.6533909,10.9405918],[106.654142,10.9401165],[106.6556943,10.9403623],[106.6574469,10.9397232],[106.6580645,10.9400018],[106.659116,10.9428861],[106.6600007,10.9439841],[106.6605515,10.9456393],[106.6609521,10.9461473],[106.6617199,10.9464095],[106.663606,10.9466717],[106.6644239,10.9456229],[106.6648412,10.943853],[106.6656424,10.9436399],[106.6664791,10.9444116],[106.6669324,10.943528],[106.6677121,10.9433286],[106.6701104,10.9469431],[106.6684367,10.9482744],[106.6678248,10.9498416],[106.6658918,10.9510288],[106.6663445,10.9526524],[106.6678305,10.9520079],[106.6699317,10.9532528],[106.6691082,10.9544035],[106.6715491,10.9558492],[106.671423,10.9562311],[106.6723001,10.9563522],[106.6719808,10.9572096],[106.6730618,10.957761],[106.6728446,10.9585273],[106.6737941,10.9588012],[106.6737834,10.9590592],[106.6750279,10.9589855],[106.6750145,10.9591988],[106.6772849,10.9598625],[106.6781473,10.9606129],[106.6800463,10.9614635],[106.6817521,10.9573098],[106.6856309,10.9600371],[106.686103,10.9608946],[106.6892607,10.9636049],[106.6815189,10.9672355],[106.6710515,10.9730759],[106.6671288,10.9809148],[106.6656724,10.9859466],[106.6634488,10.9903859],[106.6625981,10.9914295],[106.6611224,10.9921717],[106.6559413,10.9928846],[106.648752,10.9972336],[106.6495565,10.9963669],[106.6489721,10.9945275],[106.6484258,10.9941432],[106.6485954,10.9938331],[106.647727,10.993007],[106.6475219,10.9933849],[106.64575,10.9926694],[106.6441932,10.9926529],[106.6441798,10.9900804],[106.6394999,10.9893236],[106.6378283,10.9894893],[106.6362043,10.990112],[106.6346714,10.9901436],[106.6345471,10.9880254],[106.6315067,10.9860566],[106.6298032,10.9822892]]]}},{"type":"Feature","properties":{"slug":"phu-loi","name":"Phú Lợi","layer":"current","unit_type":"Phường","group":"Thủ Dầu Một","summary":"Phường Phú Lợi thuộc khu vực Bình Dương cũ sau sắp xếp năm 2025.","dashboard_href":"/?tab=signals&city=Th%E1%BB%A7%20D%E1%BA%A7u%20M%E1%BB%99t","dashboard_label":"Lọc tin Thủ Dầu Một","source":"OpenStreetMap","former_units":"Phú Hòa, Phú Lợi và phần còn lại của Hiệp Thành"},"geometry":{"type":"Polygon","coordinates":[[[106.6456634,11.0050672],[106.6470186,10.9995005],[106.648752,10.9972336],[106.6559413,10.9928846],[106.6611224,10.9921717],[106.663092,10.9909098],[106.6656724,10.9859466],[106.6669625,10.9813163],[106.6685423,10.9778788],[106.6707163,10.9735328],[106.6721901,10.9722399],[106.6818315,10.9670758],[106.6892607,10.9636049],[106.6903283,10.9650197],[106.6935387,10.966329],[106.6976224,10.9686812],[106.7002898,10.9708711],[106.7008209,10.9708132],[106.7021782,10.9726439],[106.7019303,10.9733855],[106.7010855,10.9742029],[106.7008936,10.9749649],[106.7011523,10.9781929],[106.7005681,10.9796021],[106.6994247,10.9809785],[106.6991911,10.982355],[106.6984483,10.982953],[106.6988072,10.9841492],[106.6983481,10.9858779],[106.6972048,10.9862957],[106.6972465,10.9867955],[106.6962587,10.9874029],[106.6964447,10.9886377],[106.6977846,10.9903837],[106.7047896,10.9946791],[106.7071673,10.9966615],[106.7065835,10.9980549],[106.7041333,11.0013001],[106.7030865,11.0018786],[106.7032045,11.0022632],[106.6998332,11.0037721],[106.6983819,11.0056216],[106.6953962,11.0076813],[106.692753,11.0046354],[106.6898916,11.0043067],[106.6890848,11.0051385],[106.6868889,11.0025457],[106.6863583,11.0015153],[106.6862887,11.0002421],[106.6838427,10.9963389],[106.6810979,10.9989118],[106.671949,11.0051689],[106.6688359,11.0083388],[106.6668487,11.0055617],[106.6639089,11.0086935],[106.6623133,11.0097598],[106.6609615,11.0102074],[106.6588885,11.0117079],[106.6581161,11.0101628],[106.6561544,11.0085097],[106.6492253,11.0058356],[106.6456634,11.0050672]]]}},{"type":"Feature","properties":{"slug":"chanh-hiep","name":"Chánh Hiệp","layer":"current","unit_type":"Phường","group":"Thủ Dầu Một","summary":"Phường Chánh Hiệp thuộc khu vực Bình Dương cũ sau sắp xếp năm 2025.","dashboard_href":"/?tab=signals&city=Th%E1%BB%A7%20D%E1%BA%A7u%20M%E1%BB%99t","dashboard_label":"Lọc tin Thủ Dầu Một","source":"OpenStreetMap","former_units":"Định Hòa, Tương Bình Hiệp, một phần Hiệp An và phần còn lại của Chánh Mỹ"},"geometry":{"type":"Polygon","coordinates":[[[106.6159022,10.991263],[106.6168022,10.988623],[106.6178022,10.987603],[106.6223022,10.984573],[106.6261022,10.980293],[106.6279022,10.979243],[106.6304247,10.9785269],[106.6302207,10.980452],[106.6305985,10.9813545],[106.6299239,10.981889],[106.6298237,10.9823766],[106.6315067,10.9860566],[106.6345471,10.9880254],[106.6346714,10.9901436],[106.6362043,10.990112],[106.6378283,10.9894893],[106.6394999,10.9893236],[106.6441798,10.9900804],[106.6441932,10.9926529],[106.64575,10.9926694],[106.6466689,10.9932506],[106.6475219,10.9933849],[106.647727,10.993007],[106.6482326,10.9933085],[106.6495565,10.9963669],[106.6472201,10.999022],[106.6456634,11.0050672],[106.6492253,11.0058356],[106.6567228,11.0088175],[106.6581161,11.0101628],[106.6588845,11.0116265],[106.658793,11.0123452],[106.6614787,11.013545],[106.6635769,11.0156438],[106.6623907,11.0170555],[106.6596053,11.0231599],[106.662985,11.0246811],[106.6631366,11.0245182],[106.6640974,11.0251991],[106.6635128,11.0265756],[106.6619708,11.0268741],[106.6602731,11.0282868],[106.6608963,11.0289145],[106.6561439,11.0335796],[106.6546815,11.0383982],[106.6533987,11.0405211],[106.6575526,11.0420372],[106.6566762,11.0436266],[106.659028,11.04539],[106.6620134,11.0491838],[106.6617973,11.0493374],[106.6646737,11.0568783],[106.6602449,11.0572753],[106.6579798,11.0584467],[106.6536445,11.0580933],[106.6539977,11.0567499],[106.6534595,11.0528836],[106.6470303,11.045896],[106.6400496,11.034216],[106.6407922,11.0328064],[106.644449,11.0282642],[106.6454823,11.0272751],[106.6480861,11.0257596],[106.6455116,11.0231474],[106.6442183,11.0223709],[106.6439196,11.0229913],[106.6426241,11.0229045],[106.6396657,11.0241339],[106.6399316,11.0228607],[106.6390916,11.0223569],[106.6391431,11.0211338],[106.6384506,11.0207061],[106.6376088,11.0208457],[106.637882,11.0189777],[106.6365999,11.018234],[106.6367807,11.0174959],[106.6358792,11.0168379],[106.6323704,11.0232373],[106.625157,11.0211691],[106.6203097,11.02101],[106.6207464,11.0197948],[106.6218236,11.0183604],[106.6227462,11.0155284],[106.6190016,11.0151635],[106.6174554,11.0154279],[106.6174494,11.0138819],[106.6165693,11.0128692],[106.6162,11.01159],[106.6184,11.0104],[106.6203,11.00774],[106.6213,11.00501],[106.6212,11.00313],[106.6205022,11.000433],[106.6168022,10.993973],[106.6159022,10.991263]]]}},{"type":"Feature","properties":{"slug":"binh-duong","name":"Bình Dương","layer":"current","unit_type":"Phường","group":"Thủ Dầu Một","summary":"Phường Bình Dương thuộc khu vực Bình Dương cũ sau sắp xếp năm 2025.","dashboard_href":"/?tab=signals&city=Th%E1%BB%A7%20D%E1%BA%A7u%20M%E1%BB%99t","dashboard_label":"Lọc tin Thủ Dầu Một","source":"OpenStreetMap","former_units":"Phú Mỹ, Hòa Phú, Phú Tân và Phú Chánh"},"geometry":{"type":"Polygon","coordinates":[[[106.6533987,11.0405211],[106.6546815,11.0383982],[106.6561439,11.0335796],[106.6608963,11.0289145],[106.6602731,11.0282868],[106.6619708,11.0268741],[106.6635128,11.0265756],[106.6640974,11.0251991],[106.6631366,11.0245182],[106.662985,11.0246811],[106.6596053,11.0231599],[106.6623907,11.0170555],[106.6635769,11.0156438],[106.6614787,11.013545],[106.658793,11.0123452],[106.6588885,11.0117079],[106.6609615,11.0102074],[106.6623133,11.0097598],[106.6639089,11.0086935],[106.6668487,11.0055617],[106.6688359,11.0083388],[106.671949,11.0051689],[106.6810979,10.9989118],[106.6838427,10.9963389],[106.6862887,11.0002421],[106.6863583,11.0015153],[106.6868889,11.0025457],[106.6890848,11.0051385],[106.6898916,11.0043067],[106.692753,11.0046354],[106.6953962,11.0076813],[106.6983819,11.0056216],[106.6998332,11.0037721],[106.7032045,11.0022632],[106.7038214,11.0041115],[106.7049319,11.0040562],[106.7059098,11.0032532],[106.7071966,11.0028671],[106.708741,11.0030856],[106.7097453,11.0037896],[106.7074907,11.0051251],[106.7076543,11.0061424],[106.7067477,11.0065179],[106.7069911,11.0072927],[106.7077609,11.0078192],[106.7066108,11.0081815],[106.7050773,11.0080166],[106.7056023,11.009357],[106.70527,11.0101951],[106.7058089,11.0112571],[106.7057312,11.0124576],[106.7064553,11.0129973],[106.7067477,11.0150272],[106.7076623,11.0167754],[106.7081049,11.0168096],[106.7081639,11.0173494],[106.7077927,11.0186453],[106.707087,11.0190792],[106.7064677,11.0210043],[106.7060702,11.0240079],[106.7061013,11.0270352],[106.7049077,11.0288438],[106.7044866,11.0300785],[106.7055541,11.0304155],[106.7064875,11.0312237],[106.7102963,11.032053],[106.7104152,11.0334951],[106.7117447,11.0345593],[106.7114952,11.0352701],[106.7118654,11.0361415],[106.7140594,11.0368023],[106.7137107,11.0376447],[106.7138073,11.0386319],[106.7131287,11.0397323],[106.7132387,11.0404826],[106.7152476,11.0405326],[106.7185467,11.0421359],[106.7191368,11.0428309],[106.7186165,11.046061],[106.7181766,11.0460215],[106.71819,11.0467191],[106.7172217,11.0489331],[106.7152637,11.0522947],[106.7131367,11.0571884],[106.7091858,11.0576412],[106.7085842,11.0605927],[106.7102926,11.0589884],[106.7115789,11.0593272],[106.711523,11.0598479],[106.7120228,11.0601914],[106.7130976,11.0600484],[106.7151618,11.0604275],[106.7167544,11.061219],[106.7179432,11.0612569],[106.7199044,11.0624826],[106.7228784,11.0627479],[106.721518,11.0654308],[106.720815,11.0654274],[106.7194244,11.067375],[106.7189206,11.0675388],[106.7189388,11.0680794],[106.7181627,11.0682949],[106.7182316,11.0690987],[106.7175528,11.0699527],[106.717586,11.0710245],[106.7170246,11.0712349],[106.7170144,11.0722216],[106.7161749,11.0730154],[106.716083,11.0741248],[106.7153634,11.0750514],[106.7151468,11.0768828],[106.7137719,11.078048],[106.7140173,11.0790962],[106.7137033,11.0800099],[106.7130574,11.0806616],[106.7123522,11.0807729],[106.7119334,11.0818764],[106.7108986,11.0826803],[106.7109678,11.0832313],[106.7100206,11.0845985],[106.7093929,11.0846762],[106.7090611,11.0852646],[106.7082101,11.0852471],[106.7085837,11.0860685],[106.7068394,11.088043],[106.7054031,11.0883698],[106.7043321,11.0897723],[106.7019704,11.0911133],[106.7008974,11.0922151],[106.6994281,11.0944735],[106.6985871,11.0970379],[106.6976617,11.0975919],[106.6960725,11.0995567],[106.6957205,11.1004924],[106.6947515,11.1013886],[106.6937631,11.1013926],[106.6935258,11.1019361],[106.6928874,11.1022848],[106.6936773,11.1035785],[106.6935714,11.1042759],[106.6929866,11.1046444],[106.6935553,11.1053985],[106.6934708,11.1061025],[106.6929263,11.1066289],[106.6870952,11.1059209],[106.6862975,11.1054496],[106.6858387,11.107405],[106.6854241,11.107129],[106.682812,11.1068981],[106.6787079,11.1072264],[106.6784048,11.1072817],[106.6782639,11.1079359],[106.6773534,11.1080634],[106.6771549,11.1083634],[106.6739818,11.1089082],[106.6721848,11.1085082],[106.6720292,11.1079107],[106.6714498,11.1079765],[106.6712594,11.1076475],[106.6694945,11.1078265],[106.66917,11.1073475],[106.6672441,11.1072475],[106.6671637,11.1023059],[106.6677457,11.1001332],[106.6674873,11.0985645],[106.6679361,11.0952586],[106.6671945,11.0950612],[106.666925,11.0930213],[106.6688535,11.091679],[106.6700148,11.0878598],[106.670841,11.0872096],[106.6679681,11.0794156],[106.6700973,11.0785872],[106.6692002,11.0759917],[106.6669275,11.0768637],[106.6663295,11.0752463],[106.6646934,11.0743618],[106.6648355,11.074146],[106.6631323,11.0703344],[106.663434,11.0679559],[106.6623034,11.0676562],[106.6624483,11.0668624],[106.6634488,11.0668177],[106.6637063,11.0662122],[106.6635776,11.0652593],[106.6639423,11.064875],[106.664173,11.0616635],[106.6636228,11.0570006],[106.6646737,11.0568783],[106.6617973,11.0493374],[106.6620134,11.0491838],[106.659028,11.04539],[106.6566762,11.0436266],[106.6575526,11.0420372],[106.6533987,11.0405211]]]}},{"type":"Feature","properties":{"slug":"hoa-loi","name":"Hòa Lợi","layer":"current","unit_type":"Phường","group":"Bến Cát","summary":"Phường Hòa Lợi thuộc khu vực Bình Dương cũ sau sắp xếp năm 2025.","dashboard_href":"/?tab=signals&city=B%E1%BA%BFn%20C%C3%A1t","dashboard_label":"Lọc tin Bến Cát","source":"OpenStreetMap","former_units":"Tân Định và Hòa Lợi"},"geometry":{"type":"Polygon","coordinates":[[[106.6039871,11.0721076],[106.6058487,11.0714011],[106.6064465,11.070728],[106.6066134,11.0699775],[106.6058608,11.0679643],[106.6067317,11.0665795],[106.6104643,11.0642446],[106.6139267,11.0628746],[106.6162208,11.0595093],[106.6166062,11.0586396],[106.6165577,11.0578861],[106.6147157,11.0563107],[106.614336,11.055119],[106.6143909,11.0535691],[106.615691,11.0511355],[106.616455,11.0514245],[106.616824,11.0510833],[106.6180724,11.0513283],[106.619319,11.05228],[106.6241833,11.0538237],[106.625329,11.047563],[106.6256748,11.047627],[106.6261594,11.0464314],[106.6258322,11.0463658],[106.6259428,11.0457351],[106.625482,11.0456567],[106.6258145,11.0436774],[106.6268353,11.043839],[106.627807,11.0429831],[106.629862,11.0439562],[106.6304623,11.04324],[106.6341458,11.0449783],[106.6400496,11.034216],[106.6470303,11.045896],[106.6534595,11.0528836],[106.6539977,11.0567499],[106.6536445,11.0580933],[106.6579798,11.0584467],[106.6602449,11.0572753],[106.6636228,11.0570006],[106.664173,11.0616635],[106.6639423,11.064875],[106.6635776,11.0652593],[106.6637063,11.0662122],[106.6634488,11.0668177],[106.6624483,11.0668624],[106.6623034,11.0676562],[106.663434,11.0679559],[106.6631323,11.0703344],[106.6648355,11.074146],[106.6646934,11.0743618],[106.6663295,11.0752463],[106.6669275,11.0768637],[106.6692002,11.0759917],[106.6700973,11.0785872],[106.6679681,11.0794156],[106.670841,11.0872096],[106.6700148,11.0878598],[106.6688535,11.091679],[106.666925,11.0930213],[106.6671945,11.0950612],[106.6679361,11.0952586],[106.6674873,11.0985645],[106.6677457,11.1001332],[106.6671637,11.1023059],[106.6672441,11.1072475],[106.66917,11.1073475],[106.6694945,11.1078265],[106.6712594,11.1076475],[106.6714498,11.1079765],[106.6720292,11.1079107],[106.6721848,11.1085082],[106.6739818,11.1089082],[106.6771549,11.1083634],[106.6773534,11.1080634],[106.6782639,11.1079359],[106.6784048,11.1072817],[106.6787079,11.1072264],[106.682812,11.1068981],[106.6854241,11.107129],[106.6858387,11.107405],[106.6862975,11.1054496],[106.6870952,11.1059209],[106.6929263,11.1066289],[106.6925065,11.1071186],[106.6924826,11.1081055],[106.6930588,11.1085695],[106.6927624,11.1092312],[106.6930025,11.1110489],[106.6937142,11.1126633],[106.6935666,11.1132217],[106.6941276,11.1135455],[106.6941921,11.1139599],[106.6936086,11.115217],[106.6935633,11.1185384],[106.6929853,11.1189799],[106.6931543,11.1196043],[106.6925199,11.120428],[106.6926259,11.1212597],[106.6921699,11.121715],[106.6923094,11.1223361],[106.6918346,11.1236915],[106.6910192,11.1238073],[106.6908462,11.1242916],[106.6903701,11.1243508],[106.6902521,11.1261654],[106.6899826,11.1266155],[106.6894904,11.1267076],[106.6894367,11.1273129],[106.6884738,11.1287498],[106.6854206,11.1272924],[106.6828962,11.1268974],[106.6815915,11.1270322],[106.6807118,11.1280175],[106.678875,11.1283333],[106.6790939,11.1276764],[106.6768666,11.1281523],[106.6767288,11.1272959],[106.6748026,11.1282853],[106.6733813,11.1285579],[106.6732603,11.129492],[106.6697432,11.1290618],[106.669345,11.130619],[106.6678453,11.1305746],[106.6673797,11.131058],[106.6662254,11.1311137],[106.6659871,11.1301591],[106.6590616,11.1310605],[106.6581046,11.131789],[106.6570063,11.1317163],[106.6562494,11.129792],[106.6557754,11.1297485],[106.6580704,11.1224567],[106.6588661,11.122363],[106.6575694,11.1076373],[106.659471,11.10736],[106.6590596,11.1015149],[106.6598196,11.1015063],[106.6600461,11.0999173],[106.6578574,11.0998625],[106.6580729,11.097084],[106.6587295,11.0954327],[106.6576289,11.0939542],[106.6585928,11.0916324],[106.6377355,11.0802115],[106.6278883,11.0761834],[106.6267885,11.0792108],[106.6191381,11.080099],[106.6173878,11.081257],[106.6154926,11.0831172],[106.6140317,11.0805304],[106.6147824,11.0801479],[106.6148257,11.079808],[106.6140245,11.0793334],[106.6136925,11.0785755],[106.6127398,11.0780372],[106.6123068,11.0783418],[106.6109282,11.0779097],[106.6089001,11.078023],[106.6061864,11.0742053],[106.6039871,11.0721076]]]}},{"type":"Feature","properties":{"slug":"phu-an","name":"Phú An","layer":"current","unit_type":"Phường","group":"Bến Cát","summary":"Phường Phú An thuộc khu vực Bình Dương cũ sau sắp xếp năm 2025.","dashboard_href":"/?tab=signals&city=B%E1%BA%BFn%20C%C3%A1t","dashboard_label":"Lọc tin Bến Cát","source":"OpenStreetMap","former_units":"Tân An, Phú An và phần còn lại của Hiệp An"},"geometry":{"type":"Polygon","coordinates":[[[106.5558677,11.0574989],[106.5569495,11.0551661],[106.5578264,11.0551501],[106.5594996,11.0530785],[106.5602112,11.0531336],[106.5606238,11.0526851],[106.5606534,11.0518302],[106.5600225,11.0502508],[106.5590107,11.0493218],[106.5586931,11.0485215],[106.5590326,11.0471316],[106.5587004,11.0456277],[106.5635,11.04507],[106.5667,11.04504],[106.5675,11.04545],[106.5681,11.04593],[106.5685,11.04695],[106.569,11.0509],[106.5713,11.0542],[106.572,11.05463],[106.5727,11.05461],[106.574,11.05373],[106.5754,11.05188],[106.5795,11.04803],[106.5804,11.04572],[106.5813,11.0406],[106.5831,11.03784],[106.5855,11.03668],[106.5889,11.03626],[106.5908,11.03692],[106.5916,11.03873],[106.5921,11.04195],[106.5929,11.04343],[106.5946,11.04507],[106.5954,11.0454],[106.5983,11.04559],[106.5994,11.0453],[106.6003,11.04446],[106.6027,11.04126],[106.6034321,11.0395281],[106.5957,11.03027],[106.595,11.02549],[106.5956,11.02255],[106.5973,11.0173],[106.598,11.01582],[106.5998,11.01453],[106.6088,11.01184],[106.6162,11.01159],[106.6165693,11.0128692],[106.6174494,11.0138819],[106.6174554,11.0154279],[106.6190016,11.0151635],[106.6227462,11.0155284],[106.6218236,11.0183604],[106.6207464,11.0197948],[106.6203097,11.02101],[106.625157,11.0211691],[106.6323704,11.0232373],[106.6358792,11.0168379],[106.6367807,11.0174959],[106.6365999,11.018234],[106.637882,11.0189777],[106.6376088,11.0208457],[106.6384506,11.0207061],[106.6391431,11.0211338],[106.6390916,11.0223569],[106.6399316,11.0228607],[106.6396657,11.0241339],[106.6426241,11.0229045],[106.6439196,11.0229913],[106.6442183,11.0223709],[106.6466404,11.0241299],[106.6480861,11.0257596],[106.6450169,11.0276708],[106.6407922,11.0328064],[106.6341458,11.0449783],[106.6304623,11.04324],[106.629862,11.0439562],[106.627807,11.0429831],[106.6268353,11.043839],[106.6258145,11.0436774],[106.625482,11.0456567],[106.6259428,11.0457351],[106.6258322,11.0463658],[106.6261594,11.0464314],[106.6256748,11.047627],[106.625329,11.047563],[106.6241833,11.0538237],[106.619319,11.05228],[106.6180724,11.0513283],[106.616824,11.0510833],[106.616455,11.0514245],[106.615691,11.0511355],[106.6143909,11.0535691],[106.614336,11.055119],[106.6147157,11.0563107],[106.6165577,11.0578861],[106.6164636,11.0590477],[106.6139267,11.0628746],[106.6104643,11.0642446],[106.6061582,11.067187],[106.6059185,11.0683634],[106.6066134,11.0699775],[106.6064465,11.070728],[106.6058487,11.0714011],[106.5969874,11.0744942],[106.5936679,11.0762526],[106.5903627,11.0731753],[106.5877399,11.076703],[106.5865155,11.0795849],[106.5861691,11.0824459],[106.585242,11.0854798],[106.5670939,11.0760351],[106.5680683,11.0754221],[106.5671729,11.073431],[106.5663254,11.0737393],[106.5645799,11.0700906],[106.5645435,11.0691197],[106.5631719,11.0676545],[106.5613567,11.0642615],[106.5589019,11.0618874],[106.5558677,11.0574989]]]}},{"type":"Feature","properties":{"slug":"tay-nam","name":"Tây Nam","layer":"current","unit_type":"Phường","group":"Bến Cát","summary":"Phường Tây Nam thuộc khu vực Bình Dương cũ sau sắp xếp năm 2025.","dashboard_href":"/?tab=signals&city=B%E1%BA%BFn%20C%C3%A1t","dashboard_label":"Lọc tin Bến Cát","source":"OpenStreetMap","former_units":"An Tây và một phần Thanh Tuyền, An Lập"},"geometry":{"type":"Polygon","coordinates":[[[106.429528,11.1747259],[106.4306907,11.1744707],[106.4322411,11.1726905],[106.432693,11.1714367],[106.4330015,11.1658212],[106.4334279,11.1646897],[106.4363247,11.1610399],[106.4369899,11.1581189],[106.4365755,11.1555282],[106.4341146,11.152919],[106.4327735,11.1506822],[106.4319742,11.1502217],[106.4300269,11.1498454],[106.4296943,11.1490796],[106.434195,11.1441085],[106.4360028,11.1412505],[106.4405867,11.1384478],[106.4433092,11.1363082],[106.4459967,11.1360082],[106.4509213,11.1362345],[106.4528686,11.137524],[106.4561006,11.1406978],[106.4579621,11.1453716],[106.4582598,11.1484611],[106.4578843,11.152498],[106.4573345,11.1531611],[106.4564627,11.1533769],[106.4537135,11.1516875],[106.4523455,11.1516638],[106.4516857,11.1522927],[106.4514846,11.1536453],[106.4519379,11.1566177],[106.452941,11.1584637],[106.4546496,11.1598084],[106.4560658,11.1603083],[106.4570555,11.1601057],[106.4585401,11.1587255],[106.4596438,11.1582531],[106.4611781,11.15874],[106.4627954,11.1598505],[106.4638562,11.1598189],[106.466462,11.1570716],[106.4706168,11.1551032],[106.4710835,11.1539585],[106.4709091,11.1529111],[106.4699677,11.1513454],[106.4675885,11.1489164],[106.4673498,11.1479769],[106.4679104,11.147198],[106.4696565,11.1460664],[106.4709145,11.1443677],[106.4725667,11.14319],[106.4786231,11.1423558],[106.4821422,11.1424031],[106.4864981,11.1440558],[106.4900279,11.1446243],[106.4958,11.1432032],[106.4973557,11.1425374],[106.4999279,11.140782],[106.5013817,11.1402899],[106.5026,11.14052],[106.506,11.14215],[106.5075,11.14208],[106.5083,11.13974],[106.5113,11.13555],[106.5142,11.12775],[106.5159,11.12542],[106.5174,11.12404],[106.5212,11.12181],[106.5244,11.12124],[106.5258,11.12149],[106.5267,11.12104],[106.527,11.12023],[106.527,11.11752],[106.5278,11.11415],[106.5263,11.10586],[106.5253,11.10449],[106.5241,11.10362],[106.5177,11.10231],[106.5164,11.10156],[106.5162,11.10069],[106.5164,11.09928],[106.5173,11.09741],[106.5224,11.09005],[106.5242,11.08953],[106.5251,11.08986],[106.5273,11.09156],[106.5291,11.09223],[106.5323,11.092],[106.5338,11.09055],[106.5339,11.08852],[106.5325,11.08636],[106.5279,11.08208],[106.5268,11.0807],[106.5244246,11.0760214],[106.5239335,11.0735017],[106.5251514,11.0697501],[106.5260941,11.0685639],[106.5292919,11.0660249],[106.5321373,11.0601576],[106.533469,11.0584836],[106.5361075,11.0564631],[106.543649,11.0535426],[106.5458018,11.0522947],[106.5474289,11.0504076],[106.5483,11.04795],[106.5495,11.0465],[106.5503,11.04603],[106.552,11.04577],[106.5587004,11.0456277],[106.5590326,11.0471316],[106.5586931,11.0485215],[106.5590107,11.0493218],[106.5600225,11.0502508],[106.5606534,11.0518302],[106.5606238,11.0526851],[106.5602112,11.0531336],[106.5594996,11.0530785],[106.5578264,11.0551501],[106.5569495,11.0551661],[106.5558677,11.0574989],[106.5589019,11.0618874],[106.5613567,11.0642615],[106.5631719,11.0676545],[106.5645435,11.0691197],[106.5645799,11.0700906],[106.5663254,11.0737393],[106.5671729,11.073431],[106.5680683,11.0754221],[106.5670939,11.0760351],[106.5734201,11.0792653],[106.568865,11.0859895],[106.5679657,11.0857909],[106.5679758,11.1008258],[106.5619397,11.1006855],[106.5620396,11.1261609],[106.5497378,11.1260845],[106.5496503,11.1331942],[106.5498264,11.1340803],[106.5508657,11.1341264],[106.5507105,11.1349691],[106.5512158,11.1350895],[106.5509709,11.1367005],[106.5494409,11.1362673],[106.5489755,11.1378591],[106.5484991,11.1377159],[106.5420795,11.1591807],[106.5445518,11.1599399],[106.5440047,11.1623083],[106.5440409,11.1664619],[106.5428567,11.1667107],[106.5407056,11.166366],[106.5400578,11.1670834],[106.5388119,11.1669054],[106.5381948,11.1676729],[106.5367073,11.1677155],[106.5362263,11.1688763],[106.5342027,11.1695795],[106.5326894,11.1718939],[106.5321739,11.1722151],[106.5322376,11.1730176],[106.5316552,11.1734943],[106.5323156,11.1743812],[106.5325892,11.17586],[106.5323543,11.1777992],[106.5302021,11.1774398],[106.5294939,11.1784492],[106.5287051,11.1787633],[106.5283594,11.179674],[106.5271497,11.1809542],[106.5270304,11.1826909],[106.5257824,11.1830214],[106.5256422,11.1837007],[106.5246686,11.1842618],[106.5239619,11.1854274],[106.5243111,11.1862635],[106.5232932,11.1865695],[106.5234254,11.187835],[106.5230176,11.188527],[106.5233892,11.190611],[106.5225685,11.1910109],[106.5224224,11.191857],[106.5216647,11.1925792],[106.5217931,11.1940196],[106.5213695,11.1949787],[106.5214902,11.1956497],[106.5220596,11.1955063],[106.5225148,11.1957918],[106.5221136,11.1966621],[106.5223566,11.1972863],[106.5211254,11.1980888],[106.5218228,11.1984548],[106.5218196,11.1990438],[106.520952,11.199263],[106.5207025,11.2001419],[106.5199045,11.2001374],[106.5196094,11.2006702],[106.5201565,11.2017894],[106.5202188,11.2031142],[106.5206707,11.2035873],[106.5215609,11.2037428],[106.5212887,11.2044646],[106.521775,11.2054808],[106.5214205,11.207024],[106.5216357,11.2079574],[106.5206058,11.209223],[106.5211966,11.2104099],[106.5204235,11.2121078],[106.5195457,11.2129436],[106.518458,11.2131675],[106.5177551,11.2142133],[106.5180114,11.215117],[106.5176627,11.2161799],[106.5181932,11.2175809],[106.51398,11.2181216],[106.5082133,11.2164562],[106.5078056,11.217427],[106.4781431,11.2090011],[106.4792898,11.204828],[106.4789935,11.204468],[106.4631919,11.1952148],[106.4319177,11.1886246],[106.4337685,11.1795202],[106.4326823,11.1791808],[106.4328325,11.1787598],[106.4308122,11.176926],[106.429528,11.1747259]]]}},{"type":"Feature","properties":{"slug":"long-nguyen","name":"Long Nguyên","layer":"current","unit_type":"Phường","group":"Bến Cát","summary":"Phường Long Nguyên thuộc khu vực Bình Dương cũ sau sắp xếp năm 2025.","dashboard_href":"/?tab=signals&city=B%E1%BA%BFn%20C%C3%A1t","dashboard_label":"Lọc tin Bến Cát","source":"OpenStreetMap","former_units":"An Điền, Long Nguyên và một phần Mỹ Phước"},"geometry":{"type":"Polygon","coordinates":[[[106.5031799,11.226084],[106.5041804,11.2254342],[106.5051996,11.2258113],[106.5058368,11.2248042],[106.5065959,11.2243447],[106.5073549,11.2248014],[106.5084842,11.2242214],[106.5095293,11.2247373],[106.5098253,11.2237097],[106.511286,11.2243369],[106.5121077,11.2229148],[106.5122414,11.2220312],[106.5132692,11.2220575],[106.5134575,11.2212984],[106.5147391,11.2214524],[106.5146559,11.2201474],[106.5155309,11.2203477],[106.5158017,11.2194397],[106.5170404,11.2193634],[106.5171477,11.218611],[106.518259,11.2174409],[106.5176627,11.2161799],[106.5180114,11.215117],[106.5177551,11.2142133],[106.518458,11.2131675],[106.5195457,11.2129436],[106.5203254,11.2122423],[106.5211857,11.2104825],[106.520589,11.2093262],[106.5216357,11.2079574],[106.5214205,11.207024],[106.521775,11.2054808],[106.5212887,11.2044646],[106.5215609,11.2037428],[106.5206707,11.2035873],[106.5202188,11.2031142],[106.5201565,11.2017894],[106.5196094,11.2006702],[106.5199045,11.2001374],[106.5207025,11.2001419],[106.520952,11.199263],[106.5218196,11.1990438],[106.5218228,11.1984548],[106.5211254,11.1980888],[106.5223566,11.1972863],[106.5221136,11.1966621],[106.5225148,11.1957918],[106.5220596,11.1955063],[106.5214902,11.1956497],[106.5213695,11.1949787],[106.5217931,11.1940196],[106.5216647,11.1925792],[106.5224224,11.191857],[106.5225685,11.1910109],[106.5233892,11.190611],[106.5230176,11.188527],[106.5234254,11.187835],[106.5232932,11.1865695],[106.5243111,11.1862635],[106.5239619,11.1854274],[106.5246686,11.1842618],[106.5256422,11.1837007],[106.5257824,11.1830214],[106.5270304,11.1826909],[106.5271497,11.1809542],[106.5283594,11.179674],[106.5287051,11.1787633],[106.5294939,11.1784492],[106.5302021,11.1774398],[106.5323543,11.1777992],[106.5325892,11.17586],[106.5323156,11.1743812],[106.5316552,11.1734943],[106.5322376,11.1730176],[106.5321739,11.1722151],[106.5326894,11.1718939],[106.5342027,11.1695795],[106.5362263,11.1688763],[106.5367073,11.1677155],[106.5381948,11.1676729],[106.5388119,11.1669054],[106.5400578,11.1670834],[106.5407056,11.166366],[106.5428567,11.1667107],[106.5440409,11.1664619],[106.5440047,11.1623083],[106.5445518,11.1599399],[106.5420795,11.1591807],[106.5484991,11.1377159],[106.5489755,11.1378591],[106.5494409,11.1362673],[106.5509709,11.1367005],[106.5512158,11.1350895],[106.5507105,11.1349691],[106.5508657,11.1341264],[106.5498264,11.1340803],[106.5496503,11.1331942],[106.5497378,11.1260845],[106.5620396,11.1261609],[106.5619397,11.1006855],[106.5679758,11.1008258],[106.5679657,11.0857909],[106.568865,11.0859895],[106.5734201,11.0792653],[106.585242,11.0854798],[106.5861691,11.0824459],[106.5865155,11.0795849],[106.5877399,11.076703],[106.5903627,11.0731753],[106.5936679,11.0762526],[106.5915571,11.0796978],[106.590858,11.0828731],[106.5912509,11.0835617],[106.593078,11.0845534],[106.5950876,11.0889342],[106.5954397,11.0942329],[106.5965242,11.0969548],[106.5969886,11.0997719],[106.5947371,11.1049202],[106.5915442,11.1094367],[106.5908125,11.1100936],[106.5876497,11.1112411],[106.5859051,11.1132203],[106.5840026,11.1146373],[106.5823311,11.1188504],[106.5808612,11.1203032],[106.5811055,11.1216109],[106.5818634,11.1228403],[106.5843398,11.1248047],[106.5864642,11.1260189],[106.5881025,11.1279987],[106.5905474,11.1302347],[106.5913089,11.1354627],[106.5921507,11.1379807],[106.5917905,11.1409243],[106.5925111,11.142402],[106.5917354,11.1446152],[106.5914751,11.1466782],[106.5909902,11.1474818],[106.589523,11.148974],[106.5890697,11.150075],[106.5872777,11.1517298],[106.5855002,11.1521635],[106.5858673,11.1538318],[106.5871102,11.1541187],[106.5873752,11.1544424],[106.586544,11.1560654],[106.5858783,11.1565269],[106.5852879,11.1579188],[106.5854735,11.1582741],[106.5851015,11.1585979],[106.5854073,11.1591136],[106.5859928,11.1590733],[106.5862743,11.1596723],[106.5856192,11.1627977],[106.5865445,11.1646239],[106.5865603,11.166824],[106.5881616,11.1690189],[106.5894255,11.169825],[106.5902419,11.1722309],[106.5910587,11.173255],[106.5903375,11.1761176],[106.5891556,11.1771336],[106.5880755,11.1766132],[106.5871915,11.1776006],[106.5866979,11.1776034],[106.5861894,11.1792728],[106.586963,11.1799212],[106.5873134,11.1812376],[106.5879843,11.1819594],[106.5886416,11.18396],[106.5898162,11.1859891],[106.5893635,11.1871114],[106.5896609,11.1883033],[106.5895338,11.189444],[106.5888605,11.1897611],[106.5884355,11.1909951],[106.5885363,11.1919548],[106.589197,11.1922162],[106.5891878,11.1926764],[106.5889903,11.1930506],[106.588778,11.1928713],[106.5883295,11.1951958],[106.5885923,11.1956263],[106.5879874,11.1966974],[106.5877836,11.1979786],[106.5859249,11.1996885],[106.585782,11.2003228],[106.5845543,11.2015987],[106.5842584,11.2023564],[106.5842112,11.2028592],[106.5847147,11.203219],[106.5844245,11.2037875],[106.5852356,11.2052928],[106.5854019,11.2063452],[106.585139,11.2074029],[106.5848923,11.2073292],[106.5842807,11.2085263],[106.5844779,11.2086382],[106.5820652,11.2129017],[106.5816253,11.2127833],[106.5809892,11.2133459],[106.5812874,11.2139857],[106.5819633,11.2137489],[106.582552,11.214754],[106.5816124,11.2159211],[106.5795091,11.2247726],[106.5877622,11.2266932],[106.58773,11.2271009],[106.588878,11.227414],[106.5917214,11.2275247],[106.5924699,11.2278485],[106.5935024,11.2276761],[106.5951464,11.2281691],[106.5977038,11.2270852],[106.5985227,11.2287144],[106.5980576,11.2291947],[106.5983476,11.2296909],[106.5981104,11.230416],[106.5965763,11.231185],[106.5967114,11.2314884],[106.5964076,11.231872],[106.595031,11.2318233],[106.594274,11.2322245],[106.5917661,11.2355795],[106.5906751,11.236664],[106.5895064,11.2371395],[106.5891275,11.2378689],[106.5882582,11.2381697],[106.588176,11.2388753],[106.5870628,11.2390979],[106.5852651,11.24136],[106.5850398,11.2424149],[106.5853053,11.243725],[106.586059,11.2439966],[106.5862112,11.2447543],[106.5884086,11.2476526],[106.5900314,11.2508384],[106.5897149,11.2553762],[106.5891999,11.2561155],[106.5876858,11.262805],[106.5750062,11.2614189],[106.5685751,11.2582252],[106.5575657,11.2547715],[106.5558675,11.2594061],[106.5550205,11.2583357],[106.5531804,11.2578645],[106.5527768,11.2571979],[106.5496292,11.2572151],[106.5483284,11.2566942],[106.548028,11.2572203],[106.5481617,11.2592852],[106.5476551,11.2606348],[106.5442031,11.2586093],[106.5439564,11.2587619],[106.5433958,11.2583147],[106.5429961,11.2585514],[106.5421593,11.2578359],[106.5415585,11.2585093],[106.5378463,11.2550369],[106.5376746,11.2534585],[106.5365481,11.2537111],[106.5368271,11.2545108],[106.5353572,11.2551527],[106.5350783,11.2540794],[106.5354559,11.2538942],[106.5349828,11.2524009],[106.5334395,11.251867],[106.5319723,11.2524194],[106.5315378,11.252059],[106.5315646,11.2524484],[106.5303361,11.2525115],[106.5293705,11.2514592],[106.5298426,11.2507858],[106.5278323,11.2497335],[106.5274608,11.2501492],[106.5254545,11.2490285],[106.5256745,11.247971],[106.5253553,11.2470976],[106.5242602,11.247145],[106.5226616,11.2449591],[106.5212357,11.2455374],[106.5210128,11.2460124],[106.5187798,11.2453271],[106.5205622,11.2404892],[106.5193987,11.2399006],[106.5186605,11.2383846],[106.5168946,11.2391513],[106.515356,11.2390002],[106.5136394,11.2396973],[106.5124941,11.2392948],[106.5132612,11.2377058],[106.5125906,11.2363352],[106.5093478,11.2340306],[106.509908,11.2332444],[106.510756,11.2329572],[106.5115758,11.2316365],[106.5116061,11.2301391],[106.5105814,11.2277428],[106.508412,11.226836],[106.5072785,11.2268681],[106.5060393,11.2273732],[106.5049571,11.2289057],[106.5032029,11.2266353],[106.5031799,11.226084]]]}},{"type":"Feature","properties":{"slug":"ben-cat","name":"Bến Cát","layer":"current","unit_type":"Phường","group":"Bến Cát","summary":"Phường Bến Cát thuộc khu vực Bình Dương cũ sau sắp xếp năm 2025.","dashboard_href":"/?tab=signals&city=B%E1%BA%BFn%20C%C3%A1t","dashboard_label":"Lọc tin Bến Cát","source":"OpenStreetMap","former_units":"Tân Hưng, Lai Hưng và phần còn lại của Mỹ Phước"},"geometry":{"type":"Polygon","coordinates":[[[106.5795091,11.2247726],[106.5816124,11.2159211],[106.582552,11.214754],[106.5819633,11.2137489],[106.5812874,11.2139857],[106.5809892,11.2133459],[106.5816253,11.2127833],[106.5820652,11.2129017],[106.5844779,11.2086382],[106.5842807,11.2085263],[106.5848923,11.2073292],[106.585139,11.2074029],[106.5854019,11.2063452],[106.5852356,11.2052928],[106.5844245,11.2037875],[106.5847147,11.203219],[106.5842112,11.2028592],[106.5842584,11.2023564],[106.5845543,11.2015987],[106.585782,11.2003228],[106.5859249,11.1996885],[106.5877836,11.1979786],[106.5879874,11.1966974],[106.5885923,11.1956263],[106.5883295,11.1951958],[106.588778,11.1928713],[106.5890175,11.1930266],[106.5892281,11.1922916],[106.5886125,11.1921042],[106.5884508,11.1908517],[106.5888605,11.1897611],[106.5895211,11.1894743],[106.5896576,11.1887912],[106.5893635,11.1871114],[106.5897617,11.1857764],[106.5886416,11.18396],[106.5879843,11.1819594],[106.5873134,11.1812376],[106.586963,11.1799212],[106.5861894,11.1792728],[106.5866979,11.1776034],[106.5871915,11.1776006],[106.5880755,11.1766132],[106.5891556,11.1771336],[106.5903375,11.1761176],[106.5910652,11.1731476],[106.5902419,11.1722309],[106.5894255,11.169825],[106.5881616,11.1690189],[106.5865713,11.1668554],[106.5865445,11.1646239],[106.5856192,11.1627977],[106.5862743,11.1596723],[106.5859928,11.1590733],[106.5855026,11.1591579],[106.5851038,11.1587162],[106.5854735,11.1582741],[106.5852879,11.1579188],[106.5858783,11.1565269],[106.586544,11.1560654],[106.5873803,11.1545483],[106.5871102,11.1541187],[106.5858673,11.1538318],[106.5855002,11.1521635],[106.5872777,11.1517298],[106.5890697,11.150075],[106.589523,11.148974],[106.5909902,11.1474818],[106.5914751,11.1466782],[106.5917354,11.1446152],[106.592506,11.1426673],[106.5917905,11.1409243],[106.5921507,11.1379807],[106.5913089,11.1354627],[106.5906521,11.1305817],[106.5899267,11.1294079],[106.5880285,11.1279151],[106.5884269,11.1270896],[106.5889419,11.1268537],[106.5896972,11.1278138],[106.5913402,11.1267618],[106.5947612,11.1254557],[106.6092247,11.1275416],[106.6105689,11.1269041],[106.6116773,11.1284011],[106.613239,11.1267881],[106.6146991,11.1220438],[106.6195711,11.1241505],[106.6213146,11.1266727],[106.6237677,11.1265322],[106.6267634,11.1254856],[106.6291667,11.125772],[106.6337672,11.1252161],[106.6353465,11.1254519],[106.6357413,11.1263447],[106.6353948,11.1279123],[106.6335441,11.1318187],[106.6298501,11.1348394],[106.6288153,11.1388444],[106.6274375,11.140511],[106.629034,11.141791],[106.6303763,11.1444154],[106.6372529,11.1519699],[106.6340876,11.1555288],[106.6325656,11.1534618],[106.6306602,11.1540597],[106.6286077,11.1550707],[106.6279774,11.1558186],[106.6255668,11.1568807],[106.6258629,11.1587037],[106.6246742,11.1591332],[106.6238287,11.1598321],[106.6233395,11.1592637],[106.6227129,11.1594195],[106.6223256,11.1609399],[106.6233087,11.1623829],[106.6223761,11.1639582],[106.6225188,11.1665678],[106.6214722,11.1681869],[106.6220328,11.1681922],[106.6224691,11.1678],[106.6248196,11.1689869],[106.6257423,11.1698381],[106.6256592,11.1704565],[106.627982,11.1719945],[106.6289234,11.173105],[106.6303584,11.1733734],[106.6318417,11.1743601],[106.6328207,11.176581],[106.634198,11.1766678],[106.6359293,11.1779703],[106.6362727,11.1783571],[106.6361225,11.1792597],[106.6369298,11.1802543],[106.6386813,11.1811753],[106.6391534,11.1818489],[106.6394913,11.1818278],[106.6407225,11.1828882],[106.6427314,11.1831908],[106.6426617,11.1834908],[106.6442442,11.1844854],[106.6447833,11.1854353],[106.6462317,11.1859984],[106.6471571,11.1871167],[106.6492224,11.1884323],[106.6507056,11.1904136],[106.6475572,11.1936711],[106.6463217,11.1962657],[106.6461036,11.2060558],[106.6471758,11.2075844],[106.6523015,11.2074976],[106.6523176,11.2118388],[106.6603993,11.2117496],[106.6610107,11.2124939],[106.6616115,11.2126176],[106.6616303,11.2135647],[106.6691845,11.2137206],[106.6710234,11.2141541],[106.6721982,11.2165588],[106.6728526,11.2172271],[106.6738021,11.2173323],[106.6751647,11.2185057],[106.6772813,11.2214182],[106.6778442,11.2212629],[106.6821759,11.227856],[106.6838439,11.2293475],[106.6826575,11.2307914],[106.6812828,11.2316838],[106.6808081,11.2329178],[106.6804416,11.2374349],[106.6807553,11.2393332],[106.6794857,11.2485826],[106.6818259,11.2489044],[106.6823936,11.2798789],[106.6828986,11.2814069],[106.6734302,11.2817411],[106.6736634,11.2863855],[106.6689501,11.2866008],[106.6686555,11.2819096],[106.664841,11.282047],[106.6648784,11.2844524],[106.6389119,11.2837461],[106.6408312,11.2786705],[106.6395917,11.2743059],[106.6378123,11.2704067],[106.637708,11.2693738],[106.6379108,11.2680702],[106.6394162,11.2648016],[106.639938,11.2614931],[106.6406286,11.2605506],[106.6397032,11.2599877],[106.6413179,11.2567415],[106.6412249,11.25621],[106.6418758,11.2554973],[106.6422352,11.2513014],[106.6412428,11.2471291],[106.6410253,11.2440422],[106.6415204,11.2390616],[106.6420833,11.2380015],[106.6417229,11.2377453],[106.6418248,11.2367245],[106.6425717,11.2346263],[106.6416525,11.2341013],[106.6410872,11.2307526],[106.6416049,11.229545],[106.6414735,11.229182],[106.6419053,11.2290215],[106.6418624,11.2283559],[106.6427314,11.2273956],[106.6427529,11.2259486],[106.6415271,11.2223285],[106.6413179,11.2202001],[106.6405213,11.2183505],[106.6395342,11.2170508],[106.6381636,11.2161905],[106.6376647,11.2151854],[106.6368252,11.2149855],[106.6362458,11.2143882],[106.6335422,11.2137436],[106.6332659,11.2133806],[106.6312247,11.2126755],[106.6305649,11.2127255],[106.6340035,11.2233966],[106.6350496,11.2289504],[106.6218612,11.2312866],[106.6217941,11.2310288],[106.6203403,11.2309894],[106.6185057,11.2339254],[106.6188545,11.237081],[106.6186491,11.2380441],[106.6181539,11.2384376],[106.6184145,11.2395579],[106.6175079,11.2397999],[106.6193667,11.250649],[106.5924534,11.2458993],[106.5861623,11.2445274],[106.586059,11.2439966],[106.5853053,11.243725],[106.5850559,11.2427963],[106.585359,11.2411337],[106.5870628,11.2390979],[106.588176,11.2388753],[106.5882582,11.2381697],[106.5891275,11.2378689],[106.5894376,11.2372031],[106.5901279,11.2367482],[106.590728,11.2366211],[106.594274,11.2322245],[106.595031,11.2318233],[106.5964076,11.231872],[106.5967114,11.2314884],[106.5965763,11.231185],[106.5981104,11.230416],[106.5983476,11.2296909],[106.5980576,11.2291947],[106.5985227,11.2287144],[106.5983194,11.2280428],[106.5977038,11.2270852],[106.5951464,11.2281691],[106.5935024,11.2276761],[106.5924699,11.2278485],[106.5917214,11.2275247],[106.588878,11.227414],[106.58773,11.2271009],[106.5877622,11.2266932],[106.5795091,11.2247726]]]}},{"type":"Feature","properties":{"slug":"chanh-phu-hoa","name":"Chánh Phú Hòa","layer":"current","unit_type":"Phường","group":"Bến Cát","summary":"Phường Chánh Phú Hòa thuộc khu vực Bình Dương cũ sau sắp xếp năm 2025.","dashboard_href":"/?tab=signals&city=B%E1%BA%BFn%20C%C3%A1t","dashboard_label":"Lọc tin Bến Cát","source":"OpenStreetMap","former_units":"Chánh Phú Hòa và Hưng Hòa"},"geometry":{"type":"Polygon","coordinates":[[[106.6214722,11.1681869],[106.6225188,11.1665678],[106.6223761,11.1639582],[106.6233087,11.1623829],[106.6223256,11.1609399],[106.6227129,11.1594195],[106.6233395,11.1592637],[106.6238287,11.1598321],[106.6246742,11.1591332],[106.6258629,11.1587037],[106.6255668,11.1568807],[106.6279774,11.1558186],[106.6286077,11.1550707],[106.6306602,11.1540597],[106.6325656,11.1534618],[106.6340876,11.1555288],[106.6372529,11.1519699],[106.6303763,11.1444154],[106.629034,11.141791],[106.6274375,11.140511],[106.6288153,11.1388444],[106.6298501,11.1348394],[106.6335441,11.1318187],[106.635192,11.1285006],[106.6357413,11.1263447],[106.6357248,11.1259026],[106.6348474,11.1252332],[106.6291667,11.125772],[106.6267634,11.1254856],[106.6251058,11.1260979],[106.6255446,11.1211905],[106.6273642,11.1205504],[106.6276046,11.1184281],[106.6281539,11.1180407],[106.6284478,11.1172732],[106.6295787,11.1182428],[106.6344367,11.118327],[106.6354932,11.1188658],[106.6362563,11.1188829],[106.6367541,11.1191019],[106.6383367,11.1209976],[106.6394494,11.1240469],[106.6398144,11.1266725],[106.639638,11.1280627],[106.6403075,11.1289722],[106.6395089,11.132483],[106.641183,11.1331999],[106.6415263,11.1340757],[106.6428138,11.1351031],[106.6434489,11.1350189],[106.6445647,11.1339915],[106.6468135,11.1351031],[106.6488734,11.1343957],[106.6498388,11.133519],[106.6558772,11.131785],[106.6568232,11.1311337],[106.6570063,11.1317163],[106.6581046,11.131789],[106.6587848,11.1311153],[106.6659871,11.1301591],[106.6662254,11.1311137],[106.6673797,11.131058],[106.6678453,11.1305746],[106.669345,11.130619],[106.6697432,11.1290618],[106.6732603,11.129492],[106.6733813,11.1285579],[106.6748026,11.1282853],[106.6767288,11.1272959],[106.6768666,11.1281523],[106.6790939,11.1276764],[106.678875,11.1283333],[106.6807118,11.1280175],[106.6815915,11.1270322],[106.6828962,11.1268974],[106.6854206,11.1272924],[106.6884738,11.1287498],[106.687118,11.1321882],[106.686379,11.1323527],[106.6859418,11.1334844],[106.685695,11.1355976],[106.6852069,11.1358976],[106.6845202,11.1378504],[106.6846704,11.1393083],[106.6838685,11.1397583],[106.6832945,11.1410505],[106.6832489,11.1420137],[106.6839007,11.1430295],[106.6834433,11.1435269],[106.6832784,11.144369],[106.683383,11.145569],[106.6837424,11.1456874],[106.6834795,11.1469927],[106.6836619,11.1487032],[106.6834474,11.1506217],[106.6826266,11.152119],[106.6821545,11.1548137],[106.6819185,11.1553295],[106.6799739,11.15529],[106.6804379,11.1575189],[106.6789547,11.1578979],[106.6801898,11.1614925],[106.6802244,11.1620997],[106.6793225,11.1620497],[106.6795313,11.1631424],[106.6833937,11.1778809],[106.6831362,11.1801859],[106.6835171,11.1827071],[106.684113,11.182875],[106.685766,11.184275],[106.688149,11.187556],[106.690825,11.192095],[106.694023,11.193772],[106.6959674,11.1959107],[106.6976765,11.1956286],[106.6984709,11.1959763],[106.7041399,11.2007833],[106.7065412,11.2010356],[106.7082567,11.2017762],[106.7216469,11.2032739],[106.7120771,11.2108348],[106.7104957,11.2248524],[106.7082444,11.2246595],[106.7063986,11.2298327],[106.706002,11.2332335],[106.7045993,11.2340806],[106.7042986,11.2364685],[106.7056801,11.2366183],[106.7064186,11.2370866],[106.7062691,11.239128],[106.7093328,11.2394527],[106.7117339,11.2412153],[106.713805,11.2442524],[106.7142718,11.245478],[106.7149441,11.245987],[106.7162082,11.2478596],[106.716747,11.2476265],[106.7195958,11.2520234],[106.721127,11.2520538],[106.7211418,11.2565127],[106.7208284,11.2567625],[106.7210229,11.2590043],[106.7199576,11.2589381],[106.717667,11.2574781],[106.7164935,11.2573637],[106.7156882,11.2576233],[106.7140709,11.2592475],[106.7126791,11.2593006],[106.711497,11.2589513],[106.710602,11.2583462],[106.7098043,11.2572705],[106.709159,11.2548949],[106.7069313,11.2539298],[106.7070316,11.2519801],[106.6794857,11.2485826],[106.6807553,11.2393332],[106.6804416,11.2374349],[106.6808081,11.2329178],[106.6812828,11.2316838],[106.6826575,11.2307914],[106.6838439,11.2293475],[106.6821759,11.227856],[106.6778442,11.2212629],[106.6772813,11.2214182],[106.6751647,11.2185057],[106.6738021,11.2173323],[106.6728526,11.2172271],[106.6721982,11.2165588],[106.6710234,11.2141541],[106.6691845,11.2137206],[106.6616303,11.2135647],[106.6616115,11.2126176],[106.6610107,11.2124939],[106.6603993,11.2117496],[106.6523176,11.2118388],[106.6523015,11.2074976],[106.6471758,11.2075844],[106.6461036,11.2060558],[106.6463217,11.1962657],[106.6475572,11.1936711],[106.6507056,11.1904136],[106.6492224,11.1884323],[106.6471571,11.1871167],[106.6462317,11.1859984],[106.6447833,11.1854353],[106.6442442,11.1844854],[106.6426617,11.1834908],[106.6427314,11.1831908],[106.6407225,11.1828882],[106.6394913,11.1818278],[106.6391534,11.1818489],[106.6386813,11.1811753],[106.6369298,11.1802543],[106.6361225,11.1792597],[106.6362727,11.1783571],[106.6359293,11.1779703],[106.634198,11.1766678],[106.6328207,11.176581],[106.6318417,11.1743601],[106.6303584,11.1733734],[106.6289234,11.173105],[106.627982,11.1719945],[106.6256592,11.1704565],[106.6257423,11.1698381],[106.6248196,11.1689869],[106.6224691,11.1678],[106.6220328,11.1681922],[106.6214722,11.1681869]]]}},{"type":"Feature","properties":{"slug":"vinh-tan","name":"Vĩnh Tân","layer":"current","unit_type":"Phường","group":"Tân Uyên","summary":"Phường Vĩnh Tân thuộc khu vực Bình Dương cũ sau sắp xếp năm 2025.","dashboard_href":"/?tab=signals","dashboard_label":"Xem tin đang bán","source":"OpenStreetMap","former_units":"Vĩnh Tân và thị trấn Tân Bình"},"geometry":{"type":"Polygon","coordinates":[[[106.6789547,11.1578979],[106.6804379,11.1575189],[106.6799739,11.15529],[106.6819185,11.1553295],[106.6826266,11.152119],[106.6834474,11.1506217],[106.6837424,11.1456874],[106.683383,11.145569],[106.6832784,11.144369],[106.6834433,11.1435269],[106.6839007,11.1430295],[106.6832033,11.14154],[106.6838685,11.1397583],[106.6847134,11.1391846],[106.6845202,11.1378504],[106.6852069,11.1358976],[106.685695,11.1355976],[106.6859418,11.1334844],[106.686379,11.1323527],[106.687118,11.1321882],[106.6874894,11.1307342],[106.6894367,11.1273129],[106.6894904,11.1267076],[106.6899826,11.1266155],[106.6902521,11.1261654],[106.6903701,11.1243508],[106.6908462,11.1242916],[106.6910192,11.1238073],[106.6918346,11.1236915],[106.6923094,11.1223361],[106.6921699,11.121715],[106.6926259,11.1212597],[106.6925199,11.120428],[106.6931543,11.1196043],[106.6929853,11.1189799],[106.6935633,11.1185384],[106.6936086,11.115217],[106.6941909,11.1136553],[106.6935666,11.1132217],[106.6937142,11.1126633],[106.6927645,11.1096676],[106.6930588,11.1085695],[106.6924826,11.1081055],[106.6925065,11.1071186],[106.6934708,11.1061025],[106.6935553,11.1053985],[106.6929866,11.1046444],[106.6935714,11.1042759],[106.6936773,11.1035785],[106.6928874,11.1022848],[106.6935258,11.1019361],[106.6937631,11.1013926],[106.6947515,11.1013886],[106.6957205,11.1004924],[106.6960725,11.0995567],[106.6976617,11.0975919],[106.6985871,11.0970379],[106.6994281,11.0944735],[106.7008974,11.0922151],[106.7019704,11.0911133],[106.7043321,11.0897723],[106.7054031,11.0883698],[106.7068394,11.088043],[106.7085837,11.0860685],[106.7082101,11.0852471],[106.7090611,11.0852646],[106.7093929,11.0846762],[106.7100206,11.0845985],[106.7109678,11.0832313],[106.7108986,11.0826803],[106.7119334,11.0818764],[106.7123522,11.0807729],[106.7130574,11.0806616],[106.7137033,11.0800099],[106.7140173,11.0790962],[106.7137719,11.078048],[106.7151468,11.0768828],[106.7153634,11.0750514],[106.716083,11.0741248],[106.7161749,11.0730154],[106.7170144,11.0722216],[106.7170246,11.0712349],[106.717586,11.0710245],[106.7175528,11.0699527],[106.7182316,11.0690987],[106.7181627,11.0682949],[106.7189388,11.0680794],[106.7189206,11.0675388],[106.7194244,11.067375],[106.720815,11.0654274],[106.721518,11.0654308],[106.7208845,11.0663021],[106.7208629,11.0669095],[106.7219043,11.0681334],[106.721845,11.0698589],[106.7228374,11.0705224],[106.7228889,11.0712974],[106.724348,11.0729449],[106.7247145,11.0742344],[106.725545,11.0744302],[106.7256849,11.0749385],[106.7270637,11.0753408],[106.7268492,11.0756209],[106.7273556,11.0758884],[106.7276924,11.0772908],[106.7281688,11.0776004],[106.7280829,11.0787546],[106.728452,11.0797148],[106.7276837,11.0804456],[106.7273733,11.0818834],[106.7280807,11.0831016],[106.7281276,11.08523],[106.7288024,11.0871176],[106.7284884,11.0873265],[106.7284884,11.0885341],[106.7276594,11.0891019],[106.7261027,11.0932174],[106.7260025,11.0945842],[106.7264941,11.0957664],[106.7266823,11.097976],[106.7269827,11.0987651],[106.7279446,11.099319],[106.7291925,11.101298],[106.7330596,11.1041958],[106.7344681,11.1047457],[106.7349172,11.1056688],[106.7370536,11.1072173],[106.7378211,11.1087687],[106.7373973,11.1091004],[106.7370647,11.110369],[106.7376924,11.1117428],[106.7374134,11.1118731],[106.7379257,11.1144642],[106.7383334,11.1148972],[106.7368092,11.1153196],[106.7353602,11.1169323],[106.7354903,11.1183239],[106.7362292,11.1183449],[106.7376669,11.119399],[106.7376012,11.1202464],[106.7339426,11.1207965],[106.7346856,11.1233625],[106.7357773,11.1233441],[106.7358631,11.1245021],[106.7366275,11.1247916],[106.735552,11.1273497],[106.7352059,11.1274839],[106.735332,11.1285288],[106.7347044,11.1293236],[106.7355949,11.1287393],[106.7370915,11.128434],[106.7371814,11.1306302],[106.7364022,11.1310474],[106.7363298,11.1320369],[106.7356968,11.1326475],[106.7356807,11.1367056],[106.7280176,11.1359608],[106.7277038,11.1364082],[106.7275053,11.1383135],[106.7241767,11.136799],[106.7226881,11.1388491],[106.7199925,11.1391109],[106.7191127,11.1398978],[106.719566,11.1408899],[106.7191717,11.1417373],[106.7184851,11.1417663],[106.7161287,11.1407294],[106.715536,11.139636],[106.714687,11.1392504],[106.7138073,11.1370845],[106.713177,11.1368529],[106.7134385,11.1383938],[106.7125027,11.1430236],[106.7125969,11.148925],[106.7251692,11.180357],[106.7345407,11.1816937],[106.7348519,11.1813305],[106.7533108,11.1817542],[106.7542185,11.1834215],[106.7569049,11.1863585],[106.7577639,11.1866612],[106.7602283,11.1888942],[106.7610779,11.1890696],[106.7620803,11.1900174],[106.7619102,11.1907889],[106.758687,11.190807],[106.7582298,11.2104162],[106.75353,11.210435],[106.751967,11.20979],[106.750485,11.206825],[106.750592,11.20507],[106.74938,11.204042],[106.748315,11.202178],[106.745987,11.200413],[106.744932,11.200258],[106.742267,11.200943],[106.7381136,11.199925],[106.7366946,11.2000411],[106.7344647,11.1995878],[106.7328836,11.197986],[106.7322503,11.1967775],[106.7325345,11.1928294],[106.7318961,11.1913977],[106.730504,11.1917897],[106.7298925,11.1913688],[106.7276126,11.1908109],[106.7272854,11.1912398],[106.7253354,11.1909372],[106.7252281,11.1915372],[106.7243323,11.191324],[106.7216469,11.2032739],[106.7082567,11.2017762],[106.7065412,11.2010356],[106.7046419,11.2009923],[106.7037799,11.2005743],[106.7015362,11.1983466],[106.6984709,11.1959763],[106.6976765,11.1956286],[106.6959674,11.1959107],[106.694023,11.193772],[106.690825,11.192095],[106.688149,11.187556],[106.685766,11.184275],[106.684113,11.182875],[106.6835171,11.1827071],[106.6831362,11.1801859],[106.6833937,11.1778809],[106.6795313,11.1631424],[106.6793225,11.1620497],[106.6802244,11.1620997],[106.6801898,11.1614925],[106.6789547,11.1578979]]]}},{"type":"Feature","properties":{"slug":"binh-co","name":"Bình Cơ","layer":"current","unit_type":"Phường","group":"Tân Uyên","summary":"Phường Bình Cơ thuộc khu vực Bình Dương cũ sau sắp xếp năm 2025.","dashboard_href":"/?tab=signals","dashboard_label":"Xem tin đang bán","source":"OpenStreetMap","former_units":"Bình Mỹ và Hội Nghĩa"},"geometry":{"type":"Polygon","coordinates":[[[106.712493,11.1434426],[106.7134385,11.1383938],[106.713177,11.1368529],[106.7138073,11.1370845],[106.714687,11.1392504],[106.715536,11.139636],[106.7161287,11.1407294],[106.7188713,11.1417821],[106.7195204,11.1414531],[106.7195258,11.140511],[106.7190564,11.1401583],[106.7195901,11.1394425],[106.7199925,11.1391109],[106.7226881,11.1388491],[106.7241767,11.136799],[106.7275053,11.1383135],[106.7277038,11.1364082],[106.7280176,11.1359608],[106.7356807,11.1367056],[106.7356968,11.1326475],[106.7363298,11.1320369],[106.7364022,11.1310474],[106.7371814,11.1306302],[106.7370915,11.128434],[106.7355949,11.1287393],[106.7347044,11.1293236],[106.735332,11.1285288],[106.7352059,11.1274839],[106.735552,11.1273497],[106.7366275,11.1247916],[106.7358631,11.1245021],[106.7357773,11.1233441],[106.7346856,11.1233625],[106.7339426,11.1207965],[106.7376012,11.1202464],[106.7376669,11.119399],[106.7362292,11.1183449],[106.7354903,11.1183239],[106.7353602,11.1169323],[106.7368092,11.1153196],[106.7383334,11.1148972],[106.7379257,11.1144642],[106.7374134,11.1118731],[106.7376924,11.1117428],[106.7370647,11.110369],[106.7373973,11.1091004],[106.7378211,11.1087687],[106.7392279,11.1090464],[106.7412624,11.1101137],[106.7417958,11.1108444],[106.742055,11.110569],[106.7418868,11.1103784],[106.7430675,11.1097453],[106.7432696,11.1102128],[106.7438973,11.1100997],[106.7437141,11.1055564],[106.7429092,11.1039726],[106.748211,11.1009317],[106.7479863,11.0964723],[106.7525604,11.0960561],[106.752391,11.0915474],[106.7568877,11.0911838],[106.7568278,11.0887921],[106.7576225,11.0877317],[106.7595531,11.0894651],[106.7600122,11.0902721],[106.7618916,11.0910001],[106.763093,11.0932117],[106.7655575,11.0918823],[106.7661277,11.0917418],[106.7663404,11.0921341],[106.771362,11.0896583],[106.774449,11.0954539],[106.7830809,11.0954756],[106.7834562,11.1232862],[106.783998,11.1326764],[106.7837459,11.1350239],[106.7830271,11.1365477],[106.7794745,11.1338712],[106.7800122,11.1407926],[106.773819,11.1407557],[106.7736179,11.1547664],[106.7783171,11.1548716],[106.7783171,11.1562558],[106.7795244,11.1564807],[106.7804956,11.1571584],[106.7807472,11.1581716],[106.7812407,11.1582558],[106.7818361,11.1601294],[106.7839915,11.1608272],[106.7852962,11.1616188],[106.7855054,11.1613188],[106.787367,11.162911],[106.7883144,11.1629071],[106.7895797,11.1622372],[106.7927018,11.1624694],[106.7995634,11.1643002],[106.8010945,11.1649914],[106.8017604,11.1663786],[106.8026063,11.1668171],[106.8046215,11.1693605],[106.8054648,11.1698852],[106.8063837,11.1720472],[106.8071859,11.1730717],[106.8082236,11.1736187],[106.8096211,11.1737076],[106.81003,11.1761172],[106.8112332,11.1774414],[106.8116409,11.1784506],[106.8113994,11.1808103],[106.8124934,11.182228],[106.812925,11.1835724],[106.8138563,11.1846098],[106.8146441,11.1865601],[106.816991,11.1896305],[106.8170048,11.1901839],[106.817717,11.1906211],[106.817987,11.1924739],[106.8190899,11.1926811],[106.8191405,11.1932394],[106.8197167,11.1935135],[106.8196282,11.1938249],[106.8202816,11.1942894],[106.8202057,11.1945931],[106.8209133,11.194913],[106.8214273,11.1960015],[106.8220827,11.1963127],[106.8227318,11.1959575],[106.8254138,11.1959397],[106.8256356,11.1956034],[106.8265268,11.1956247],[106.8279262,11.194633],[106.8286103,11.1945968],[106.828862,11.1940651],[106.829157,11.1943174],[106.8300259,11.1941964],[106.830125,11.1937524],[106.8313222,11.1932191],[106.8314806,11.1937181],[106.8340724,11.1949732],[106.8350807,11.1950577],[106.8356889,11.1970069],[106.8360278,11.1971637],[106.8357626,11.1975587],[106.8362872,11.1975136],[106.8369052,11.197996],[106.8359759,11.1986249],[106.8371421,11.1984352],[106.8371886,11.1988639],[106.8364091,11.1994836],[106.8376426,11.1997717],[106.8381175,11.201447],[106.8376352,11.2022659],[106.8376578,11.2035309],[106.8372828,11.2035036],[106.8370921,11.2029097],[106.8366489,11.2030707],[106.8376934,11.2047136],[106.8365613,11.2042403],[106.8358424,11.2055348],[106.8363568,11.2071674],[106.8373793,11.2075713],[106.8371969,11.208308],[106.8362281,11.2091092],[106.8371365,11.2090402],[106.8372564,11.2097369],[106.8357459,11.2098918],[106.8351116,11.2103114],[106.8350431,11.2107061],[106.8357485,11.21126],[106.8358648,11.2118384],[106.8342967,11.211167],[106.831468,11.2092567],[106.8300784,11.2091025],[106.8284352,11.2095527],[106.8260121,11.2111232],[106.8239238,11.2131211],[106.8234633,11.2144081],[106.823566,11.2173137],[106.8214202,11.2174639],[106.8214309,11.2171692],[106.8207292,11.216816],[106.8205002,11.215855],[106.8198162,11.2153538],[106.8200683,11.2126702],[106.819171,11.2114684],[106.8187215,11.2091728],[106.8181136,11.2080885],[106.8162382,11.2061926],[106.8160611,11.2064294],[106.8135345,11.205598],[106.8139905,11.2046508],[106.8042943,11.1935763],[106.7940536,11.2018447],[106.7943647,11.1931369],[106.7928654,11.1930475],[106.7934973,11.1909201],[106.7936486,11.189127],[106.7894494,11.1884998],[106.7780917,11.188689],[106.764343,11.1883462],[106.7645332,11.189077],[106.7635354,11.1901268],[106.7622104,11.1903478],[106.7612363,11.1891776],[106.7602283,11.1888942],[106.7579055,11.1867667],[106.7569049,11.1863585],[106.7542185,11.1834215],[106.7533108,11.1817542],[106.7348519,11.1813305],[106.7345407,11.1816937],[106.7251692,11.180357],[106.7125969,11.148925],[106.712493,11.1434426]]]}},{"type":"Feature","properties":{"slug":"tan-uyen","name":"Tân Uyên","layer":"current","unit_type":"Phường","group":"Tân Uyên","summary":"Phường Tân Uyên thuộc khu vực Bình Dương cũ sau sắp xếp năm 2025.","dashboard_href":"/?tab=signals","dashboard_label":"Xem tin đang bán","source":"OpenStreetMap","former_units":"Uyên Hưng, Bạch Đằng, Tân Lập và một phần Tân Mỹ"},"geometry":{"type":"Polygon","coordinates":[[[106.7603699,11.0678776],[106.7630139,11.0678434],[106.7629559,11.0633428],[106.7677629,11.0632521],[106.7678103,11.0579477],[106.7702176,11.0554227],[106.7715589,11.0546067],[106.772733,11.0522149],[106.7744016,11.0512356],[106.7758561,11.0508712],[106.7768151,11.0492595],[106.7780006,11.0489594],[106.7800895,11.0477318],[106.7797608,11.0472677],[106.779724,11.0460339],[106.7801609,11.0452089],[106.7799959,11.0445497],[106.7830002,11.0436272],[106.7826663,11.042515],[106.7826953,11.0397939],[106.7798681,11.037129],[106.7790484,11.0354995],[106.7794879,11.0327902],[106.7805463,11.0293365],[106.7794987,11.0232771],[106.7799349,11.0220863],[106.781233,11.0205557],[106.7813884,11.0194777],[106.7798465,11.0157957],[106.7775184,11.0129768],[106.7769948,11.0110649],[106.7769512,11.0090865],[106.7804265,11.0109287],[106.7828083,11.0127609],[106.7838586,11.0144793],[106.7843251,11.0170747],[106.7848679,11.0179711],[106.7889431,11.0194098],[106.792713,11.0228075],[106.7987394,11.024671],[106.8059092,11.0254923],[106.8082855,11.0260873],[106.8105933,11.0276054],[106.8122867,11.0302254],[106.8130636,11.0322714],[106.8131589,11.034483],[106.8119278,11.0396896],[106.8106692,11.0432271],[106.8091576,11.0457113],[106.8073887,11.0475837],[106.8034542,11.0505044],[106.8003991,11.0522768],[106.7994127,11.0532242],[106.7986755,11.054869],[106.7985678,11.056325],[106.7989736,11.0575607],[106.7998587,11.0585328],[106.8015289,11.0596103],[106.8044318,11.0606913],[106.8126995,11.0625042],[106.8226325,11.0652962],[106.8254995,11.0652285],[106.8281793,11.0642643],[106.8297295,11.0624939],[106.831755,11.0569355],[106.8352818,11.0502598],[106.8371498,11.0455902],[106.8417446,11.0476918],[106.842865,11.0471234],[106.8436854,11.0481742],[106.8442713,11.0480642],[106.8465787,11.0496762],[106.8488672,11.0484434],[106.8513038,11.0502926],[106.8492724,11.0525557],[106.850869,11.0533442],[106.8526637,11.0563191],[106.854163,11.0579967],[106.8573724,11.0592702],[106.8609722,11.0634764],[106.8624139,11.0640659],[106.8633215,11.0651962],[106.8639817,11.0674269],[106.8651137,11.0694978],[106.8653372,11.07121],[106.867463,11.0738765],[106.8657949,11.0751763],[106.8667045,11.0783473],[106.8745081,11.0899446],[106.8761149,11.0934818],[106.8750431,11.0926771],[106.8737749,11.0935921],[106.8729159,11.0933898],[106.872299,11.0936609],[106.870823,11.0929927],[106.8697548,11.0930304],[106.8692091,11.0931029],[106.869019,11.0935282],[106.8672438,11.0935134],[106.8666074,11.0932148],[106.8644188,11.0939006],[106.862179,11.0938952],[106.8620341,11.0941413],[106.8615948,11.0940515],[106.8615782,11.0944032],[106.8602904,11.0947717],[106.859816,11.0943874],[106.8594758,11.0945979],[106.8590274,11.0943426],[106.8580515,11.0944298],[106.8562648,11.0933714],[106.8554231,11.0936566],[106.8549005,11.0933437],[106.8539152,11.0937188],[106.8538183,11.0934449],[106.8522313,11.0929088],[106.8512195,11.092866],[106.8510225,11.092476],[106.850746,11.0928484],[106.8498811,11.0925844],[106.849151,11.0916545],[106.8483383,11.0913621],[106.8458652,11.091193],[106.8433017,11.0887165],[106.8409871,11.0890521],[106.839347,11.0881435],[106.839163,11.087715],[106.8370839,11.0873098],[106.8366787,11.086849],[106.8348473,11.0874439],[106.8339112,11.0869911],[106.8327822,11.0872744],[106.8321886,11.0878094],[106.8306027,11.0878996],[106.829837,11.0885388],[106.8277704,11.089208],[106.8255378,11.0916259],[106.8251702,11.0929358],[106.8234211,11.0961982],[106.8232387,11.099712],[106.8238208,11.1023467],[106.8232575,11.1045681],[106.8233353,11.1061157],[106.8228525,11.1070053],[106.8230349,11.1079002],[106.8226862,11.1100531],[106.8214846,11.1118113],[106.8212927,11.1126342],[106.8222222,11.1166987],[106.8222409,11.1189884],[106.8237025,11.1190214],[106.8222409,11.1279656],[106.82219,11.1371556],[106.8265311,11.1372911],[106.8265298,11.1457664],[106.8262053,11.1490282],[106.8272218,11.1492532],[106.8277422,11.1501361],[106.8285763,11.1502743],[106.8286058,11.1537401],[106.8271279,11.153848],[106.8262978,11.1551769],[106.8248963,11.1554979],[106.8244471,11.1577437],[106.8241128,11.157911],[106.8239279,11.1659929],[106.8166928,11.1662199],[106.8165922,11.1666107],[106.8141467,11.1671784],[106.8137549,11.1682472],[106.8109274,11.1679343],[106.8112144,11.1703683],[106.8102488,11.1700447],[106.8096211,11.1737076],[106.8082236,11.1736187],[106.8071859,11.1730717],[106.8063837,11.1720472],[106.8054648,11.1698852],[106.8046215,11.1693605],[106.8026063,11.1668171],[106.8017604,11.1663786],[106.8008181,11.1647897],[106.7924148,11.1624293],[106.7895797,11.1622372],[106.7883144,11.1629071],[106.787367,11.162911],[106.7855054,11.1613188],[106.7852962,11.1616188],[106.7839915,11.1608272],[106.7818361,11.1601294],[106.7812407,11.1582558],[106.7807472,11.1581716],[106.7804956,11.1571584],[106.7795244,11.1564807],[106.7783171,11.1562558],[106.7783171,11.1548716],[106.7736179,11.1547664],[106.773819,11.1407557],[106.7800122,11.1407926],[106.7794745,11.1338712],[106.7830271,11.1365477],[106.7837459,11.1350239],[106.783998,11.1326764],[106.7834562,11.1232862],[106.7830809,11.0954756],[106.774449,11.0954539],[106.7603699,11.0678776]]]}},{"type":"Feature","properties":{"slug":"tan-hiep","name":"Tân Hiệp","layer":"current","unit_type":"Phường","group":"Tân Uyên","summary":"Phường Tân Hiệp thuộc khu vực Bình Dương cũ sau sắp xếp năm 2025.","dashboard_href":"/?tab=signals","dashboard_label":"Xem tin đang bán","source":"OpenStreetMap","former_units":"Khánh Bình và Tân Hiệp"},"geometry":{"type":"Polygon","coordinates":[[[106.7085842,11.0605927],[106.7091858,11.0576412],[106.7131367,11.0571884],[106.7152637,11.0522947],[106.7172217,11.0489331],[106.71819,11.0467191],[106.7181766,11.0460215],[106.7186165,11.046061],[106.7191368,11.0428309],[106.7185467,11.0421359],[106.7152476,11.0405326],[106.7132387,11.0404826],[106.7131287,11.0397323],[106.7138073,11.0386319],[106.7137107,11.0376447],[106.7140594,11.0368023],[106.7118654,11.0361415],[106.7114952,11.0352701],[106.7117447,11.0345593],[106.7104152,11.0334951],[106.7102963,11.032053],[106.7132331,11.0326587],[106.7149499,11.0337242],[106.7156608,11.0338375],[106.7169239,11.0334019],[106.7192948,11.0340394],[106.72058,11.0336697],[106.7215889,11.0338114],[106.7236435,11.0331353],[106.7256983,11.0333063],[106.7269729,11.0327609],[106.7273763,11.0322512],[106.7287496,11.0320174],[106.7302152,11.0322607],[106.7318202,11.0316871],[106.7332671,11.0323834],[106.7351354,11.0310596],[106.7366526,11.031293],[106.7368195,11.030806],[106.7376052,11.0304447],[106.7377723,11.0278062],[106.7385765,11.0274284],[106.7386272,11.0262612],[106.7401153,11.0244402],[106.7400738,11.0227935],[106.7406853,11.0227801],[106.741362,11.0222528],[106.7413718,11.021214],[106.7421164,11.0204936],[106.7429425,11.0205884],[106.7445046,11.0193921],[106.7465603,11.0191899],[106.746498,11.0183137],[106.7460775,11.0178293],[106.7465603,11.0168057],[106.747837,11.0165529],[106.7481846,11.0159274],[106.7489668,11.0162006],[106.7495601,11.0153013],[106.751071,11.0146707],[106.7511062,11.0143377],[106.7502338,11.0135113],[106.7506831,11.0130667],[106.7521017,11.0134422],[106.7525446,11.0129601],[106.753288,11.0128636],[106.7536239,11.0132983],[106.7541179,11.0133086],[106.7538053,11.0141248],[106.7573371,11.0156991],[106.7601388,11.0211542],[106.7617515,11.0222964],[106.7623333,11.0220509],[106.7631448,11.0231612],[106.7643866,11.0236486],[106.7676208,11.023476],[106.7694922,11.0221659],[106.7722819,11.019227],[106.77428,11.0179746],[106.7756246,11.016387],[106.7749095,11.0153588],[106.777804,11.0134616],[106.7797587,11.0156516],[106.781412,11.0198581],[106.7795205,11.0231285],[106.7805402,11.0294999],[106.7794879,11.0327902],[106.7790484,11.0354995],[106.7798681,11.037129],[106.7826953,11.0397939],[106.7826663,11.042515],[106.7830002,11.0436272],[106.7799959,11.0445497],[106.7801609,11.0452089],[106.779724,11.0460339],[106.7797608,11.0472677],[106.7800895,11.0477318],[106.7780006,11.0489594],[106.7768151,11.0492595],[106.7758561,11.0508712],[106.7744016,11.0512356],[106.772733,11.0522149],[106.7715589,11.0546067],[106.7702176,11.0554227],[106.7678103,11.0579477],[106.7677629,11.0632521],[106.7629559,11.0633428],[106.7630139,11.0678434],[106.7603699,11.0678776],[106.771362,11.0896583],[106.7663404,11.0921341],[106.7661277,11.0917418],[106.7655575,11.0918823],[106.763093,11.0932117],[106.7618916,11.0910001],[106.7600122,11.0902721],[106.7595531,11.0894651],[106.7576225,11.0877317],[106.7568278,11.0887921],[106.7568877,11.0911838],[106.752391,11.0915474],[106.7525604,11.0960561],[106.7479863,11.0964723],[106.748211,11.1009317],[106.7429092,11.1039726],[106.7437141,11.1055564],[106.7438973,11.1100997],[106.7432696,11.1102128],[106.7430675,11.1097453],[106.7418868,11.1103784],[106.742055,11.110569],[106.7417958,11.1108444],[106.7405274,11.1096741],[106.7386056,11.1088003],[106.7379472,11.1089253],[106.7370536,11.1072173],[106.7349172,11.1056688],[106.7344681,11.1047457],[106.7330596,11.1041958],[106.7301302,11.1017869],[106.7296097,11.1016517],[106.7282633,11.1001587],[106.7279446,11.099319],[106.7269827,11.0987651],[106.7264547,11.0970558],[106.7264941,11.0957664],[106.7260025,11.0945842],[106.7261027,11.0932174],[106.7276594,11.0891019],[106.7284884,11.0885341],[106.7284884,11.0873265],[106.7288024,11.0871176],[106.7281276,11.08523],[106.7280807,11.0831016],[106.7273733,11.0818834],[106.7276837,11.0804456],[106.728452,11.0797148],[106.7280829,11.0787546],[106.7281688,11.0776004],[106.7276924,11.0772908],[106.7273556,11.0758884],[106.7268492,11.0756209],[106.7270637,11.0753408],[106.7256849,11.0749385],[106.725545,11.0744302],[106.7247145,11.0742344],[106.724348,11.0729449],[106.7228889,11.0712974],[106.7228374,11.0705224],[106.721845,11.0698589],[106.7219043,11.0681334],[106.7208629,11.0669095],[106.7208845,11.0663021],[106.7215052,11.0656062],[106.7217626,11.0646011],[106.7223334,11.0640451],[106.7228784,11.0627479],[106.7199044,11.0624826],[106.7179432,11.0612569],[106.7167544,11.061219],[106.7151618,11.0604275],[106.7130976,11.0600484],[106.7120228,11.0601914],[106.711523,11.0598479],[106.7115789,11.0593272],[106.7102926,11.0589884],[106.7085842,11.0605927]]]}},{"type":"Feature","properties":{"slug":"tan-khanh","name":"Tân Khánh","layer":"current","unit_type":"Phường","group":"Tân Uyên","summary":"Phường Tân Khánh thuộc khu vực Bình Dương cũ sau sắp xếp năm 2025.","dashboard_href":"/?tab=signals","dashboard_label":"Xem tin đang bán","source":"OpenStreetMap","former_units":"Thạnh Phước, Tân Phước Khánh, Tân Vĩnh Hiệp, Thạnh Hội và phần còn lại của Thái Hòa"},"geometry":{"type":"Polygon","coordinates":[[[106.7030865,11.0018786],[106.7042824,11.0011147],[106.7046396,11.0002989],[106.7066716,10.9979277],[106.7071673,10.9966615],[106.7087062,10.9974933],[106.7075068,10.9940536],[106.707644,10.9917198],[106.7095156,10.991994],[106.7107685,10.9916955],[106.7109239,10.992329],[106.7115757,10.9921131],[106.7116079,10.9924633],[106.7123213,10.9924344],[106.7121792,10.993814],[106.7147434,10.9951055],[106.7148963,10.9954307],[106.7161376,10.9953467],[106.7153141,10.9934945],[106.7178678,10.9931869],[106.7178914,10.9928357],[106.7183211,10.9929463],[106.718335,10.9920873],[106.7203029,10.9918314],[106.720262,10.9909298],[106.7210678,10.9908787],[106.722042,10.9901243],[106.7229303,10.9899964],[106.7232165,10.9922141],[106.7246537,10.9919552],[106.7264123,10.9908661],[106.7300784,10.9878237],[106.7310126,10.9885066],[106.7352819,10.9862591],[106.7358932,10.9873259],[106.7377901,10.9863822],[106.7405047,10.9863358],[106.7424651,10.9866972],[106.7406236,10.981197],[106.7410216,10.9780713],[106.7457383,10.9777886],[106.7560746,10.9762507],[106.7660925,10.9752095],[106.765138,10.9762945],[106.7651133,10.9780877],[106.7672672,10.9808016],[106.7689374,10.9804787],[106.7691744,10.9793866],[106.7717602,10.9770372],[106.7775374,10.9754275],[106.7792827,10.9745663],[106.7801779,10.9737372],[106.7815467,10.9713776],[106.7832499,10.9646174],[106.7863583,10.9672303],[106.7935402,10.9699679],[106.7958749,10.9712696],[106.7963067,10.9720464],[106.7962724,10.9732677],[106.7951149,10.9752048],[106.7834246,10.9854927],[106.7802256,10.9901919],[106.7778272,10.9951131],[106.7745013,11.0042951],[106.7745781,11.0057992],[106.7750198,11.0070222],[106.7769512,11.0090865],[106.7770406,11.0113448],[106.777804,11.0134616],[106.7749095,11.0153588],[106.7756246,11.016387],[106.77428,11.0179746],[106.7722819,11.019227],[106.7694922,11.0221659],[106.7676208,11.023476],[106.7637484,11.0235434],[106.7623333,11.0220509],[106.7617515,11.0222964],[106.7597174,11.0206477],[106.7573371,11.0156991],[106.7538053,11.0141248],[106.7541179,11.0133086],[106.7536239,11.0132983],[106.753288,11.0128636],[106.7525446,11.0129601],[106.7521017,11.0134422],[106.7506831,11.0130667],[106.7502338,11.0135113],[106.7511062,11.0143377],[106.751071,11.0146707],[106.7495601,11.0153013],[106.7489668,11.0162006],[106.7481846,11.0159274],[106.747837,11.0165529],[106.7465603,11.0168057],[106.7460775,11.0176987],[106.7466482,11.0187371],[106.7465603,11.0191899],[106.7445046,11.0193921],[106.7429425,11.0205884],[106.7421164,11.0204936],[106.7413718,11.021214],[106.741362,11.0222528],[106.7406853,11.0227801],[106.7400738,11.0227935],[106.7401153,11.0244402],[106.7386272,11.0262612],[106.7385765,11.0274284],[106.7377723,11.0278062],[106.7376052,11.0304447],[106.7368195,11.030806],[106.7366526,11.031293],[106.7351354,11.0310596],[106.7332671,11.0323834],[106.7318202,11.0316871],[106.7302152,11.0322607],[106.7287496,11.0320174],[106.7273763,11.0322512],[106.7269729,11.0327609],[106.7256983,11.0333063],[106.7236435,11.0331353],[106.7215889,11.0338114],[106.72058,11.0336697],[106.7192948,11.0340394],[106.7169239,11.0334019],[106.7156608,11.0338375],[106.7149499,11.0337242],[106.7132331,11.0326587],[106.7064875,11.0312237],[106.7055541,11.0304155],[106.7044866,11.0300785],[106.7049077,11.0288438],[106.7061013,11.0270352],[106.7060702,11.0240079],[106.7064677,11.0210043],[106.7071728,11.0189002],[106.7077562,11.0186894],[106.7078691,11.0179767],[106.7081311,11.0179571],[106.7081451,11.016986],[106.7074987,11.0165516],[106.7067477,11.0150272],[106.7064553,11.0129973],[106.7057312,11.0124576],[106.7058089,11.0112571],[106.70527,11.0101951],[106.7056023,11.009357],[106.7050773,11.0080166],[106.7066108,11.0081815],[106.7077609,11.0078192],[106.7069911,11.0072927],[106.7067477,11.0065179],[106.7076543,11.0061424],[106.7074907,11.0051251],[106.7097453,11.0037896],[106.708741,11.0030856],[106.7071966,11.0028671],[106.7059098,11.0032532],[106.7049319,11.0040562],[106.7038214,11.0041115],[106.7030865,11.0018786]]]}},{"type":"Feature","properties":{"slug":"thoi-hoa","name":"Thới Hòa","layer":"current","unit_type":"Phường","group":"Bến Cát","summary":"Phường Thới Hòa thuộc khu vực Bình Dương cũ sau sắp xếp năm 2025.","dashboard_href":"/?tab=signals&city=B%E1%BA%BFn%20C%C3%A1t","dashboard_label":"Lọc tin Bến Cát","source":"OpenStreetMap","former_units":"Đơn vị không thực hiện sắp xếp"},"geometry":{"type":"Polygon","coordinates":[[[106.5808269,11.1205516],[106.5823311,11.1188504],[106.5840026,11.1146373],[106.5859051,11.1132203],[106.5876497,11.1112411],[106.5908125,11.1100936],[106.5915442,11.1094367],[106.5947371,11.1049202],[106.5967207,11.1008261],[106.5970141,11.099211],[106.5965242,11.0969548],[106.5954397,11.0942329],[106.5950876,11.0889342],[106.593078,11.0845534],[106.5910366,11.0833589],[106.5908809,11.0823923],[106.5915571,11.0796978],[106.5936679,11.0762526],[106.5969874,11.0744942],[106.6004378,11.0732055],[106.6039871,11.0721076],[106.6061864,11.0742053],[106.6089001,11.078023],[106.6109282,11.0779097],[106.6123068,11.0783418],[106.6127398,11.0780372],[106.6136925,11.0785755],[106.6140245,11.0793334],[106.6148257,11.079808],[106.6147824,11.0801479],[106.6140317,11.0805304],[106.6154926,11.0831172],[106.6173878,11.081257],[106.6191381,11.080099],[106.6267885,11.0792108],[106.6278883,11.0761834],[106.6377355,11.0802115],[106.6585928,11.0916324],[106.6576289,11.0939542],[106.6587295,11.0954327],[106.6580729,11.097084],[106.6578574,11.0998625],[106.6600461,11.0999173],[106.6598196,11.1015063],[106.6590596,11.1015149],[106.659471,11.10736],[106.6575694,11.1076373],[106.6588661,11.122363],[106.6580704,11.1224567],[106.6557754,11.1297485],[106.6562494,11.129792],[106.6568232,11.1311337],[106.6558772,11.131785],[106.6493026,11.1337389],[106.6488734,11.1343957],[106.6465045,11.1350863],[106.6445647,11.1339915],[106.6434489,11.1350189],[106.6428138,11.1351031],[106.6415263,11.1340757],[106.641183,11.1331999],[106.6395089,11.132483],[106.6403418,11.129427],[106.639638,11.1280627],[106.6398144,11.1266725],[106.6393222,11.1235145],[106.6389274,11.1230818],[106.6383367,11.1209976],[106.6367541,11.1191019],[106.6344367,11.118327],[106.6295787,11.1182428],[106.6284478,11.1172732],[106.6281539,11.1180407],[106.6276046,11.1184281],[106.6273642,11.1205504],[106.6255446,11.1211905],[106.6251058,11.1260979],[106.6237677,11.1265322],[106.6213146,11.1266727],[106.6195711,11.1241505],[106.6146991,11.1220438],[106.613239,11.1267881],[106.6116773,11.1284011],[106.6105689,11.1269041],[106.6092247,11.1275416],[106.5947612,11.1254557],[106.5913402,11.1267618],[106.5896972,11.1278138],[106.5886158,11.1268201],[106.5880285,11.1279151],[106.5864642,11.1260189],[106.5843398,11.1248047],[106.5818634,11.1228403],[106.5808269,11.1205516]]]}},{"type":"Feature","properties":{"slug":"thuong-tan","name":"Thường Tân","layer":"current","unit_type":"Xã","group":"Bắc Tân Uyên","summary":"Xã Thường Tân thuộc khu vực Bình Dương cũ sau sắp xếp năm 2025.","dashboard_href":"/?tab=signals","dashboard_label":"Xem tin đang bán","source":"OpenStreetMap","former_units":"Lạc An, Hiếu Liêm, Thường Tân và phần còn lại của Tân Mỹ"},"geometry":{"type":"Polygon","coordinates":[[[106.8371498,11.0455902],[106.8386625,11.0418048],[106.8417781,11.0384619],[106.847498,11.0353918],[106.8562895,11.0335351],[106.8585846,11.0324687],[106.8607012,11.0307187],[106.8675019,11.0228066],[106.8697923,11.0211433],[106.8724513,11.0199576],[106.8738882,11.0198334],[106.8753071,11.0201475],[106.8870831,11.025798],[106.8910372,11.0272287],[106.8940929,11.0278991],[106.8963667,11.0277913],[106.8983337,11.0272233],[106.9004952,11.0259546],[106.9038211,11.0230611],[106.9056608,11.0223222],[106.9070739,11.0221541],[106.9096354,11.0235722],[106.9110854,11.0261691],[106.9117345,11.0318178],[106.9120899,11.0389786],[106.9126948,11.041317],[106.9143319,11.042986],[106.9209039,11.0457114],[106.9229847,11.0473325],[106.9235174,11.0499695],[106.9221483,11.0544172],[106.9223517,11.0558795],[106.9236635,11.0570572],[106.9264008,11.0583517],[106.9278237,11.0593773],[106.9309087,11.0638203],[106.9320396,11.0645397],[106.9335236,11.0648595],[106.9348324,11.0647297],[106.9361069,11.0641917],[106.9379837,11.0622811],[106.9402446,11.0581177],[106.941789,11.0569448],[106.9433427,11.0568094],[106.9448961,11.0571103],[106.94644,11.0578779],[106.9475487,11.0589984],[106.9484255,11.0613545],[106.9484721,11.0651809],[106.9489331,11.0670667],[106.9502875,11.0689422],[106.9521117,11.0704855],[106.9525802,11.0718664],[106.9524047,11.072794],[106.9515637,11.0736251],[106.949964,11.0746215],[106.94661,11.075978],[106.9453704,11.0770151],[106.9450899,11.0776506],[106.9450165,11.0800074],[106.9456618,11.0815681],[106.9467828,11.0831558],[106.9470656,11.0842379],[106.9471148,11.085811],[106.946658,11.0881867],[106.9468188,11.0893022],[106.947402,11.0903137],[106.9500589,11.0931345],[106.9525968,11.0976342],[106.953578,11.098146],[106.9573537,11.0988488],[106.9592505,11.100312],[106.959564,11.1012882],[106.959421,11.1024636],[106.9577492,11.1044697],[106.9572633,11.1056247],[106.9573057,11.106494],[106.9578057,11.1073392],[106.959544,11.1080539],[106.9623113,11.1077581],[106.9652578,11.1080402],[106.9657555,11.1095875],[106.9654214,11.1116185],[106.9636607,11.1142845],[106.962676,11.1164855],[106.9596648,11.1187132],[106.9585038,11.1199365],[106.9566847,11.1232321],[106.9554649,11.126579],[106.9533565,11.1290684],[106.9532897,11.1298389],[106.9536489,11.1305947],[106.9563138,11.1329291],[106.9569722,11.1350959],[106.9564068,11.1369071],[106.9541326,11.1389045],[106.9539631,11.1405556],[106.9543098,11.1414052],[106.9550693,11.141961],[106.9601805,11.142049],[106.9651222,11.1425821],[106.9662075,11.143523],[106.966694,11.1448769],[106.9657517,11.1484492],[106.9648568,11.1495654],[106.9636872,11.1501137],[106.958229,11.1514007],[106.9566023,11.1521936],[106.9557425,11.152987],[106.9554167,11.1550493],[106.9555931,11.1587265],[106.9541462,11.1624693],[106.9532678,11.1637389],[106.9486429,11.1659297],[106.9447321,11.1662617],[106.9422148,11.1670981],[106.941439,11.1676811],[106.9410467,11.1686132],[106.9411529,11.169455],[106.9452325,11.1737336],[106.9457472,11.1749525],[106.9457716,11.1765986],[106.9452631,11.1773283],[106.9446989,11.1775244],[106.9417748,11.177562],[106.9395353,11.1790649],[106.9375035,11.1818546],[106.9356072,11.1861892],[106.9333631,11.1889692],[106.9306586,11.1897877],[106.9276067,11.1897602],[106.9264947,11.1891907],[106.9244525,11.1870249],[106.9238033,11.1867757],[106.9225361,11.1873068],[106.9217754,11.1879805],[106.9214881,11.1887445],[106.920395,11.1891572],[106.9198827,11.1891467],[106.9190043,11.1882376],[106.9185215,11.1883113],[106.9187137,11.1867372],[106.9184323,11.1856816],[106.9171965,11.184938],[106.91734,11.1844223],[106.9160908,11.1828038],[106.9168961,11.1823673],[106.9183579,11.1806332],[106.9185107,11.1790202],[106.9172744,11.1778958],[106.9161357,11.1778388],[106.9163035,11.1766789],[106.9153377,11.1765705],[106.9160745,11.1755794],[106.9164715,11.174293],[106.9150561,11.1722419],[106.9169122,11.1714959],[106.9152291,11.1660252],[106.9089863,11.1672159],[106.9079751,11.1620188],[106.9039893,11.1509848],[106.8985714,11.1476062],[106.8970006,11.1472967],[106.8963544,11.1466837],[106.8967018,11.1457716],[106.8959722,11.145469],[106.8960508,11.1446664],[106.8972886,11.1444357],[106.8975891,11.1433562],[106.8981376,11.1431187],[106.8981474,11.1412405],[106.8984506,11.1408426],[106.8985912,11.1412123],[106.8989052,11.1411735],[106.8992083,11.1405158],[106.8998169,11.1401249],[106.900485,11.1383925],[106.9001394,11.1379519],[106.9011971,11.1373727],[106.9010067,11.1362376],[106.9020518,11.1359258],[106.9020155,11.1347266],[106.9028215,11.1341869],[106.9027957,11.1337059],[106.9023827,11.1334212],[106.9029701,11.1329027],[106.9035536,11.1328574],[106.9038396,11.1321447],[106.9044867,11.1321311],[106.9045862,11.1315044],[106.9052954,11.1309327],[106.9053235,11.1300843],[106.9057892,11.1295622],[106.9063236,11.1296104],[106.9065541,11.128667],[106.9080073,11.1289998],[106.9057601,11.1265053],[106.9036782,11.1250443],[106.9008983,11.1235915],[106.8913176,11.1195774],[106.8882555,11.1180962],[106.8870422,11.1171185],[106.8823525,11.1078619],[106.8801714,11.1019981],[106.879936,11.095629],[106.8763608,11.0953575],[106.8759907,11.0929651],[106.8746841,11.0902402],[106.8668156,11.0785674],[106.8657949,11.0751763],[106.867463,11.0738765],[106.8653372,11.07121],[106.8650808,11.0694029],[106.8639817,11.0674269],[106.8631741,11.0649846],[106.8624139,11.0640659],[106.8609722,11.0634764],[106.8573724,11.0592702],[106.854163,11.0579967],[106.8526637,11.0563191],[106.850869,11.0533442],[106.8492724,11.0525557],[106.8512765,11.050424],[106.8503747,11.0493371],[106.8488672,11.0484434],[106.8465787,11.0496762],[106.8442713,11.0480642],[106.8436854,11.0481742],[106.842865,11.0471234],[106.8417446,11.0476918],[106.8371498,11.0455902]]]}},{"type":"Feature","properties":{"slug":"bac-tan-uyen","name":"Bắc Tân Uyên","layer":"current","unit_type":"Xã","group":"Bắc Tân Uyên","summary":"Xã Bắc Tân Uyên thuộc khu vực Bình Dương cũ sau sắp xếp năm 2025.","dashboard_href":"/?tab=signals","dashboard_label":"Xem tin đang bán","source":"OpenStreetMap","former_units":"Thị trấn Tân Thành, Đất Cuốc và Tân Định"},"geometry":{"type":"Polygon","coordinates":[[[106.8096189,11.1738288],[106.8102488,11.1700447],[106.8112144,11.1703683],[106.8109274,11.1679343],[106.8137549,11.1682472],[106.8141467,11.1671784],[106.8165922,11.1666107],[106.8166928,11.1662199],[106.8239279,11.1659929],[106.8241128,11.157911],[106.8244471,11.1577437],[106.8248963,11.1554979],[106.8262978,11.1551769],[106.8271279,11.153848],[106.8286058,11.1537401],[106.8285763,11.1502743],[106.8277422,11.1501361],[106.8272218,11.1492532],[106.8262053,11.1490282],[106.8265298,11.1457664],[106.8265311,11.1372911],[106.82219,11.1371556],[106.8222409,11.1279656],[106.8237025,11.1190214],[106.8222409,11.1189884],[106.8222222,11.1166987],[106.8212927,11.1126342],[106.8214846,11.1118113],[106.8226862,11.1100531],[106.8230349,11.1079002],[106.8228525,11.1070053],[106.8233353,11.1061157],[106.8232575,11.1045681],[106.8238208,11.1023467],[106.8232387,11.099712],[106.8234211,11.0961982],[106.8251702,11.0929358],[106.8255378,11.0916259],[106.8277704,11.089208],[106.829837,11.0885388],[106.8306027,11.0878996],[106.8321886,11.0878094],[106.8327822,11.0872744],[106.8339112,11.0869911],[106.8348473,11.0874439],[106.8366787,11.086849],[106.8370839,11.0873098],[106.839163,11.087715],[106.839347,11.0881435],[106.8409871,11.0890521],[106.8433017,11.0887165],[106.8457934,11.0911591],[106.8469809,11.0913717],[106.8474886,11.0911499],[106.849064,11.0916024],[106.8498811,11.0925844],[106.850746,11.0928484],[106.8510225,11.092476],[106.8512195,11.092866],[106.8522313,11.0929088],[106.8538183,11.0934449],[106.8539152,11.0937188],[106.8549005,11.0933437],[106.8554231,11.0936566],[106.8562648,11.0933714],[106.8577206,11.0943545],[106.8594758,11.0945979],[106.859816,11.0943874],[106.860268,11.0947716],[106.8615782,11.0944032],[106.8615948,11.0940515],[106.8620341,11.0941413],[106.862179,11.0938952],[106.8644188,11.0939006],[106.8666074,11.0932148],[106.8684568,11.0935918],[106.8690668,11.0935124],[106.8692467,11.0930924],[106.870754,11.0929836],[106.872299,11.0936609],[106.8729159,11.0933898],[106.8737749,11.0935921],[106.8751019,11.0926923],[106.8761149,11.0934818],[106.8765213,11.0955116],[106.879936,11.095629],[106.8801714,11.1019981],[106.8823525,11.1078619],[106.8870422,11.1171185],[106.8882555,11.1180962],[106.8913176,11.1195774],[106.9008983,11.1235915],[106.9036782,11.1250443],[106.9057601,11.1265053],[106.9080073,11.1289998],[106.9065541,11.128667],[106.9063236,11.1296104],[106.9057892,11.1295622],[106.9053235,11.1300843],[106.9052954,11.1309327],[106.9045862,11.1315044],[106.9044867,11.1321311],[106.9038396,11.1321447],[106.9035536,11.1328574],[106.9029701,11.1329027],[106.9023827,11.1334212],[106.9027957,11.1337059],[106.9028215,11.1341869],[106.9020155,11.1347266],[106.9020518,11.1359258],[106.9010067,11.1362376],[106.9011971,11.1373727],[106.9001394,11.1379519],[106.900485,11.1383925],[106.8998169,11.1401249],[106.8988564,11.1412048],[106.8983138,11.1409182],[106.8979745,11.1421808],[106.8981582,11.1430821],[106.8975891,11.1433562],[106.8972886,11.1444357],[106.8960795,11.1446295],[106.8959384,11.145348],[106.8966588,11.1456611],[106.8963544,11.1466837],[106.8968932,11.1472387],[106.8985714,11.1476062],[106.9039893,11.1509848],[106.9079751,11.1620188],[106.9089863,11.1672159],[106.9152291,11.1660252],[106.9169122,11.1714959],[106.9150561,11.1722419],[106.9164715,11.174293],[106.9160745,11.1755794],[106.9153377,11.1765705],[106.9163035,11.1766789],[106.9161357,11.1778388],[106.9172744,11.1778958],[106.9185107,11.1790202],[106.9183579,11.1806332],[106.9168961,11.1823673],[106.9160908,11.1828038],[106.91734,11.1844223],[106.9171965,11.184938],[106.9184323,11.1856816],[106.9187137,11.1867372],[106.9185215,11.1883113],[106.9191062,11.1882861],[106.9199746,11.1891857],[106.9214881,11.1887445],[106.9211262,11.191662],[106.9197461,11.1929463],[106.916396,11.1928037],[106.9134241,11.1932664],[106.9082697,11.191984],[106.9064935,11.1927092],[106.9058159,11.1937763],[106.9056139,11.1948235],[106.905899,11.1959681],[106.9069338,11.1972903],[106.9074168,11.198531],[106.9076049,11.200641],[106.9072499,11.2026649],[106.9060238,11.2047115],[106.9023136,11.2065229],[106.9013738,11.2084991],[106.9014488,11.2099668],[106.9021845,11.2107518],[106.9077015,11.2109653],[106.9109523,11.213912],[106.9145894,11.2140699],[106.9159734,11.2150486],[106.9179324,11.2194836],[106.9181811,11.2215023],[106.9174285,11.2237388],[106.9146604,11.2256391],[106.9141085,11.2264279],[106.9142139,11.2273193],[106.9152137,11.2289944],[106.9152653,11.2300344],[106.9144374,11.2305104],[106.9125626,11.2300926],[106.911208,11.2302141],[106.909045,11.2310277],[106.9080274,11.2317447],[106.9066459,11.2340102],[106.9054543,11.2372234],[106.9047709,11.2402274],[106.9039732,11.24121],[106.9028199,11.2419361],[106.901595,11.2418739],[106.8996399,11.2408501],[106.8905845,11.238184],[106.8888162,11.2381426],[106.8876017,11.2387283],[106.8865861,11.2401673],[106.8865496,11.2415994],[106.8875347,11.2427734],[106.8895912,11.2439355],[106.8906285,11.2454601],[106.890825,11.2466083],[106.8890924,11.2503332],[106.8872167,11.252693],[106.8862828,11.2533306],[106.8845842,11.2532657],[106.8838945,11.2524775],[106.8842482,11.2505543],[106.8859977,11.2485346],[106.8865055,11.2470999],[106.8864883,11.2455822],[106.8860561,11.2443669],[106.8852134,11.2428812],[106.8843557,11.2424839],[106.8834928,11.2428163],[106.8806906,11.2454345],[106.8770277,11.2471975],[106.8733167,11.2485036],[106.8711215,11.2506858],[106.8690488,11.2517479],[106.8601062,11.2528847],[106.8552469,11.2554723],[106.8525454,11.2540687],[106.850446,11.2540502],[106.8496273,11.2524629],[106.8493795,11.2499124],[106.8487251,11.247629],[106.8488002,11.2448299],[106.8498051,11.2427962],[106.8523355,11.2422176],[106.8539136,11.2411218],[106.8544423,11.2394828],[106.853958,11.237557],[106.8529522,11.2363904],[106.8514096,11.2353169],[106.8489848,11.234233],[106.8461867,11.2335576],[106.8448951,11.2328215],[106.8434491,11.2310113],[106.8418231,11.2277992],[106.8399811,11.2262459],[106.8377876,11.2259989],[106.8341086,11.22732],[106.8319774,11.2267195],[106.8309155,11.2256378],[106.8282757,11.2214589],[106.8272138,11.2188688],[106.8271083,11.2178346],[106.8276258,11.2173532],[106.8317488,11.218203],[106.8338385,11.2182565],[106.8370946,11.2173613],[106.8382859,11.2167325],[106.8389015,11.2159903],[106.8391497,11.2144558],[106.8387902,11.2131543],[106.8358648,11.2118384],[106.8357485,11.21126],[106.8350241,11.2106543],[106.8356315,11.2099228],[106.8372774,11.2096577],[106.8371365,11.2090402],[106.8362358,11.2091659],[106.8371969,11.208308],[106.8373982,11.2076698],[106.8363568,11.2071674],[106.8358312,11.2056768],[106.8365266,11.2042587],[106.8377066,11.2046666],[106.8366519,11.203173],[106.8370921,11.2029097],[106.8372828,11.2035036],[106.8376578,11.2035309],[106.8376352,11.2022659],[106.8381194,11.2014837],[106.8376426,11.1997717],[106.8364091,11.1994836],[106.8371527,11.1989149],[106.8371631,11.1984634],[106.8359759,11.1986249],[106.8369052,11.197996],[106.8362872,11.1975136],[106.8357626,11.1975587],[106.8360278,11.1971637],[106.8356889,11.1970069],[106.8350034,11.1949844],[106.8339606,11.1949256],[106.8314181,11.1936842],[106.8313491,11.1932205],[106.830125,11.1937524],[106.8300259,11.1941964],[106.829157,11.1943174],[106.828862,11.1940651],[106.8286103,11.1945968],[106.8279262,11.194633],[106.8265268,11.1956247],[106.8256356,11.1956034],[106.8254138,11.1959397],[106.8227318,11.1959575],[106.8220827,11.1963127],[106.8214273,11.1960015],[106.8209133,11.194913],[106.8202057,11.1945931],[106.8202816,11.1942894],[106.8196282,11.1938249],[106.8197167,11.1935135],[106.8191405,11.1932394],[106.8190899,11.1926811],[106.817987,11.1924739],[106.817717,11.1906211],[106.8170048,11.1901839],[106.816991,11.1896305],[106.8146441,11.1865601],[106.8138563,11.1846098],[106.812925,11.1835724],[106.8124934,11.182228],[106.8113994,11.1808103],[106.8116409,11.1784506],[106.8112332,11.1774414],[106.81003,11.1761172],[106.8096189,11.1738288]]]}},{"type":"Feature","properties":{"slug":"phu-giao","name":"Phú Giáo","layer":"current","unit_type":"Xã","group":"Phú Giáo","summary":"Xã Phú Giáo thuộc khu vực Bình Dương cũ sau sắp xếp năm 2025.","dashboard_href":"/?tab=signals","dashboard_label":"Xem tin đang bán","source":"OpenStreetMap","former_units":"Thị trấn Phước Vĩnh, An Bình và một phần Tam Lập"},"geometry":{"type":"Polygon","coordinates":[[[106.7752701,11.3449849],[106.7760211,11.3430178],[106.7756563,11.3426076],[106.7760882,11.3417397],[106.7766246,11.3418265],[106.7771155,11.3411138],[106.7766166,11.3407983],[106.7769599,11.3395359],[106.7767239,11.3389205],[106.7757904,11.3386313],[106.7759567,11.3376372],[106.7756993,11.337027],[106.7760909,11.3368377],[106.7769545,11.3341447],[106.7767346,11.3325457],[106.7758655,11.3320618],[106.7757502,11.3314622],[106.776292,11.3307942],[106.777153,11.3305575],[106.777212,11.3296738],[106.7768848,11.3293214],[106.7773569,11.328969],[106.7778853,11.3275409],[106.7784458,11.327391],[106.7783976,11.3267204],[106.779736,11.3252397],[106.7792687,11.3249085],[106.7791252,11.3236823],[106.7797253,11.3230042],[106.7791544,11.3220919],[106.7797198,11.3214513],[106.779646,11.3201235],[106.7803171,11.3191778],[106.7802213,11.3177747],[106.7807612,11.3171337],[106.7807322,11.3158502],[106.7811307,11.3152035],[106.7808968,11.3142286],[106.7813726,11.3129545],[106.7823782,11.3121807],[106.7826002,11.310157],[106.7842637,11.3092817],[106.7835461,11.3068783],[106.7843943,11.3059303],[106.784604,11.3046806],[106.7850076,11.3043241],[106.7845141,11.3036959],[106.7837493,11.3037623],[106.7835279,11.3034835],[106.7834571,11.3027958],[106.7839658,11.3022817],[106.7835536,11.3018712],[106.7836917,11.3012921],[106.783313,11.3000225],[106.7841841,11.2985873],[106.7839409,11.2972811],[106.784525,11.2964416],[106.7841418,11.29524],[106.7852211,11.2942411],[106.7862061,11.2916042],[106.7883131,11.2903388],[106.7884625,11.2898038],[106.7881765,11.2892336],[106.7887107,11.2887543],[106.7896217,11.2890069],[106.7898694,11.2878179],[106.7911246,11.2869946],[106.7914438,11.2862765],[106.7927983,11.285298],[106.7930531,11.284651],[106.794692,11.2841091],[106.79492,11.2827495],[106.7957821,11.281754],[106.7956058,11.2809111],[106.7962718,11.2798268],[106.7964944,11.2782433],[106.7968492,11.2782438],[106.7970054,11.2778777],[106.7965639,11.2759153],[106.7976484,11.2746186],[106.7976067,11.2741781],[106.79849,11.273648],[106.8004636,11.2713659],[106.8013143,11.2698049],[106.8023618,11.2687835],[106.8034226,11.2667377],[106.8040073,11.2660643],[106.8045231,11.2659998],[106.8053967,11.2644176],[106.8088257,11.2620321],[106.8096546,11.261907],[106.8134697,11.2591012],[106.8149937,11.2589372],[106.8160861,11.2582286],[106.8179979,11.2576592],[106.8196349,11.2553809],[106.8220371,11.2549159],[106.8229705,11.2541425],[106.8248937,11.2542898],[106.8261409,11.2534217],[106.8270837,11.2552894],[106.8295947,11.2555202],[106.8308884,11.2564311],[106.8311845,11.2562789],[106.8311616,11.2558628],[106.8322134,11.2561549],[106.8325293,11.255689],[106.8344558,11.2551543],[106.8348312,11.2547081],[106.8355187,11.2555054],[106.8358471,11.2555198],[106.8361922,11.255032],[106.8363285,11.2553906],[106.8371704,11.2556435],[106.8374969,11.2547982],[106.837956,11.2551842],[106.8387982,11.2542623],[106.8387463,11.2530601],[106.8392332,11.2531315],[106.8402855,11.2523755],[106.8405382,11.2511513],[106.8413467,11.2506546],[106.8413812,11.2496625],[106.8424046,11.2488347],[106.8427035,11.247821],[106.8434125,11.2483165],[106.8442688,11.2474127],[106.8457849,11.2494454],[106.8464844,11.2494948],[106.8476235,11.2489302],[106.8484417,11.250689],[106.8494928,11.2517279],[106.8503773,11.2540057],[106.8525454,11.2540687],[106.8543869,11.2552437],[106.8553293,11.2554573],[106.8601062,11.2528847],[106.8665467,11.2522587],[106.8697511,11.2514684],[106.8711215,11.2506858],[106.8729937,11.2486918],[106.8805091,11.2455391],[106.8834928,11.2428163],[106.8842369,11.2424946],[106.8848383,11.2425491],[106.8855155,11.2433069],[106.8863457,11.2450193],[106.8865254,11.2465951],[106.8861693,11.2482494],[106.8842482,11.2505543],[106.8838727,11.2523537],[106.8844292,11.2532045],[106.8861471,11.2533807],[106.8872167,11.252693],[106.8890924,11.2503332],[106.890825,11.2466083],[106.8906285,11.2454601],[106.8895912,11.2439355],[106.8875347,11.2427734],[106.8865496,11.2415994],[106.8865861,11.2401673],[106.8874922,11.2388261],[106.8888162,11.2381426],[106.8905845,11.238184],[106.8996399,11.2408501],[106.901595,11.2418739],[106.9028199,11.2419361],[106.9041029,11.2410914],[106.9048591,11.2400502],[106.905604,11.2367903],[106.9076765,11.2321432],[106.9088854,11.2311095],[106.9115884,11.230134],[106.9136788,11.2303566],[106.9132748,11.2315107],[106.9135844,11.2324487],[106.9166519,11.2346536],[106.9181871,11.2349661],[106.9183993,11.2352727],[106.9176164,11.2357065],[106.9117758,11.2358485],[106.911747,11.2363017],[106.9132386,11.2372583],[106.9110127,11.2384806],[106.9106123,11.2407715],[106.9109132,11.2414952],[106.9120891,11.2420863],[106.9146103,11.2406283],[106.9150115,11.2408859],[106.9153856,11.2419061],[106.9175849,11.2427909],[106.9178778,11.2425306],[106.9177061,11.240943],[106.9184525,11.2404267],[106.9188773,11.2407471],[106.9187397,11.2421575],[106.9190159,11.2426148],[106.9196816,11.2424036],[106.920274,11.2414872],[106.9220118,11.2414073],[106.9233428,11.2417388],[106.9242775,11.2434816],[106.9265601,11.2449279],[106.9273996,11.2448075],[106.9283381,11.2435668],[106.9308496,11.2439183],[106.9313398,11.2443366],[106.9316796,11.2460223],[106.9303029,11.2474056],[106.9288319,11.2477921],[106.9270965,11.2466687],[106.9263938,11.247264],[106.9265398,11.2481086],[106.9277968,11.2484923],[106.9281459,11.2490297],[106.9276795,11.2501236],[106.9277664,11.2522029],[106.9257272,11.252798],[106.9252034,11.2545756],[106.92535,11.2560442],[106.9266781,11.2560497],[106.9269653,11.2563857],[106.9272678,11.2584859],[106.926823,11.2587882],[106.9260975,11.2584334],[106.9257505,11.2590752],[106.927126,11.2607243],[106.9257769,11.2617896],[106.9252932,11.2634687],[106.9239247,11.2636674],[106.9236794,11.2640743],[106.9241963,11.264799],[106.9251305,11.2651988],[106.926032,11.265076],[106.9268364,11.264283],[106.9276597,11.2645012],[106.9279137,11.2649738],[106.9254636,11.2674088],[106.9257604,11.2677343],[106.9272649,11.2678264],[106.9274094,11.2689586],[106.9248226,11.2705489],[106.9245484,11.2710096],[106.9259467,11.2721858],[106.9272788,11.2720379],[106.9281893,11.2723244],[106.92907,11.2730436],[106.9292807,11.2741634],[106.9303203,11.2745947],[106.9304239,11.2753996],[106.9297138,11.2777427],[106.9301288,11.2786794],[106.9308528,11.278809],[106.9313363,11.2776736],[106.9316154,11.2780119],[106.9315847,11.2790846],[106.9320864,11.2791164],[106.9327408,11.2786334],[106.9331406,11.2788169],[106.9334903,11.2800975],[106.9321311,11.2817589],[106.9332978,11.2821995],[106.9334638,11.2833859],[106.9344553,11.2852008],[106.9332643,11.2875099],[106.9337639,11.2876658],[106.936287,11.2871006],[106.9362481,11.2880226],[106.9374334,11.2881803],[106.9379091,11.2894035],[106.9390963,11.2897887],[106.938909,11.2916134],[106.9391142,11.2921913],[106.9410418,11.2928077],[106.9415634,11.2934255],[106.9417109,11.294326],[106.941455,11.2948178],[106.9394049,11.2958153],[106.9376712,11.2961296],[106.9373653,11.29648],[106.9374162,11.2971046],[106.937851,11.2972687],[106.9396077,11.2964308],[106.939945,11.2974266],[106.9391632,11.298807],[106.9398035,11.3017793],[106.9395232,11.3019126],[106.9387285,11.3013828],[106.9384547,11.3018505],[106.9386967,11.302453],[106.9397489,11.302843],[106.9399068,11.3032654],[106.9393462,11.3040492],[106.9372373,11.3052919],[106.9381043,11.3080299],[106.9375583,11.3083636],[106.936954,11.3081961],[106.9365362,11.3090423],[106.9368078,11.3094443],[106.9380414,11.3094414],[106.9391789,11.3101201],[106.9384366,11.3106066],[106.938497,11.3112152],[106.9377127,11.3123315],[106.9391858,11.3124654],[106.9398357,11.3119357],[106.9402689,11.3126389],[106.9414303,11.312342],[106.9409287,11.3132362],[106.942035,11.3139376],[106.941743,11.314651],[106.9429912,11.3158193],[106.943188,11.3168467],[106.9439797,11.3169588],[106.9438611,11.3176897],[106.9442978,11.3181626],[106.9447482,11.3179598],[106.9448745,11.317343],[106.9472438,11.3180123],[106.9476771,11.3185542],[106.9473214,11.318902],[106.9474652,11.3196062],[106.9479917,11.3200533],[106.9476505,11.3209502],[106.9483902,11.3214668],[106.9499309,11.3215148],[106.9503159,11.3220857],[106.9512106,11.3216715],[106.9518961,11.3231855],[106.9523766,11.3235114],[106.9518865,11.3239873],[106.9526733,11.3247077],[106.9524693,11.3252628],[106.9527102,11.3267337],[106.9521953,11.3272813],[106.9532128,11.3287158],[106.9524107,11.3299956],[106.9526514,11.3307474],[106.9520572,11.3308135],[106.9520376,11.3313904],[106.9514316,11.3312031],[106.951772,11.3330929],[106.9503052,11.3332107],[106.9504713,11.3343615],[106.9515749,11.3352911],[106.9511272,11.3361269],[106.9513262,11.3371027],[106.9511178,11.3378057],[106.9495727,11.3395899],[106.9489434,11.3399528],[106.9484165,11.3397799],[106.9483877,11.3409723],[106.9474245,11.3410363],[106.9476869,11.3421447],[106.9470831,11.3420869],[106.9461851,11.3430562],[106.9466525,11.3438594],[106.9458906,11.3442085],[106.9463038,11.3447325],[106.9461701,11.3458052],[106.9452722,11.3462198],[106.9444011,11.3471894],[106.9448124,11.3479072],[106.9439484,11.3480831],[106.944018,11.3491051],[106.9436231,11.3504908],[106.9440055,11.3510324],[106.9437351,11.3516387],[106.9443569,11.3523543],[106.9443282,11.3531645],[106.944876,11.3542388],[106.9403908,11.3563275],[106.9391479,11.3556357],[106.9377825,11.3553716],[106.9343358,11.3553251],[106.9342311,11.3542384],[106.9314514,11.3534074],[106.9306604,11.3536263],[106.9296661,11.3547851],[106.9280208,11.3543143],[106.9233453,11.3543139],[106.9217056,11.3531034],[106.9212871,11.3521663],[106.9193133,11.351822],[106.9186213,11.3525701],[106.918124,11.3554263],[106.917385,11.3559479],[106.9160722,11.3561337],[106.9153668,11.3558276],[106.9148792,11.3561033],[106.9137075,11.3549582],[106.9118541,11.3549663],[106.9115205,11.3538605],[106.910575,11.3540084],[106.9099634,11.3533092],[106.9092395,11.3538125],[106.9085867,11.3534139],[106.9080415,11.3536704],[106.907212,11.3530758],[106.907055,11.3523247],[106.906532,11.3522815],[106.9051499,11.349778],[106.9046361,11.3493669],[106.9043655,11.3480884],[106.9035492,11.3473897],[106.9040481,11.3441255],[106.9034192,11.3435788],[106.9030812,11.3438744],[106.9023761,11.3437438],[106.9026521,11.3430508],[106.9031409,11.3429531],[106.902496,11.3426628],[106.9026317,11.3418888],[106.9018963,11.3413084],[106.9010066,11.3415816],[106.9006487,11.3404097],[106.8893218,11.3405781],[106.8841276,11.3395939],[106.8837909,11.3385201],[106.8814722,11.3361762],[106.8811883,11.3351769],[106.8806985,11.3350128],[106.8801873,11.3341184],[106.8780379,11.3324397],[106.8750649,11.3291724],[106.8725378,11.3275269],[106.8713443,11.3255634],[106.8699091,11.3216514],[106.8698362,11.3204068],[106.8719512,11.3180666],[106.8729743,11.313996],[106.8744135,11.3115921],[106.8754781,11.3085477],[106.8750254,11.3073648],[106.874475,11.3085851],[106.8732968,11.3095435],[106.8725146,11.3094635],[106.8718194,11.310012],[106.8703519,11.3097163],[106.8691125,11.3111032],[106.8674555,11.3113365],[106.8666991,11.3118733],[106.8661117,11.310627],[106.865164,11.3108408],[106.8652488,11.3119386],[106.8665417,11.313607],[106.8666369,11.3143698],[106.866326,11.3147726],[106.8653989,11.3149326],[106.8636388,11.314337],[106.862419,11.3142784],[106.8592415,11.3152599],[106.8575603,11.3143803],[106.8569982,11.3146692],[106.8572344,11.3170967],[106.8555754,11.3219323],[106.85677,11.3248091],[106.8563909,11.3271616],[106.8554089,11.3290718],[106.8558872,11.3301555],[106.8569469,11.3311237],[106.8586896,11.3355196],[106.8597246,11.3358344],[106.8614845,11.3354325],[106.8630617,11.3384839],[106.8632897,11.3398871],[106.8630957,11.3421918],[106.8616354,11.344271],[106.8590427,11.3455027],[106.8572168,11.3453739],[106.856696,11.3459903],[106.8572505,11.3475242],[106.8588601,11.3487587],[106.8601948,11.3486972],[106.8604923,11.3493013],[106.8593305,11.3508546],[106.8585931,11.3498907],[106.8580544,11.350138],[106.8557644,11.3532052],[106.8567127,11.3581494],[106.8564143,11.3584256],[106.8556889,11.3577567],[106.8551799,11.3578373],[106.8544149,11.3612793],[106.8548227,11.3614831],[106.8569617,11.3599312],[106.8581611,11.3605371],[106.8585688,11.3616521],[106.8576753,11.3629657],[106.8580109,11.3643764],[106.8571925,11.3658907],[106.8572867,11.3687678],[106.8555179,11.3696439],[106.8557771,11.3707267],[106.8569916,11.3721487],[106.8572051,11.3732813],[106.8565134,11.373979],[106.8567717,11.3748372],[106.8555614,11.3747878],[106.855272,11.3760513],[106.8545401,11.3767038],[106.8539109,11.3765233],[106.8525591,11.3767924],[106.8510337,11.3761801],[106.8490557,11.3759353],[106.8476654,11.3761093],[106.8439361,11.3751329],[106.8411463,11.3750974],[106.8398631,11.3756467],[106.8381397,11.3769604],[106.8355179,11.3771982],[106.8356818,11.3794032],[106.8342704,11.3805518],[106.8267371,11.380636],[106.825465,11.3828161],[106.8250462,11.38418],[106.8184912,11.378739],[106.818369,11.3778215],[106.8177919,11.3773471],[106.8147991,11.3770228],[106.8115515,11.3758307],[106.8099851,11.3761273],[106.8076634,11.3778808],[106.8039083,11.3791786],[106.8025212,11.380493],[106.800448,11.3812186],[106.8000586,11.3802051],[106.7985026,11.3788213],[106.7982995,11.3755495],[106.7985195,11.3750051],[106.7980099,11.3748053],[106.797629,11.3730014],[106.7979884,11.3727911],[106.7974573,11.3718339],[106.7978382,11.3715289],[106.7973554,11.3714079],[106.7974412,11.3699564],[106.7971998,11.370009],[106.796591,11.3690702],[106.7959258,11.3689914],[106.7955288,11.3694147],[106.7947644,11.369065],[106.7943299,11.3691938],[106.7941529,11.3688783],[106.7938203,11.3691675],[106.7935842,11.368831],[106.7906552,11.3677423],[106.7903066,11.367269],[106.7889279,11.3671796],[106.7882734,11.366701],[106.7863154,11.3626829],[106.7865783,11.3620203],[106.7861465,11.3609684],[106.7862135,11.3594116],[106.7855483,11.3579548],[106.783703,11.3576603],[106.7819059,11.3558616],[106.7808598,11.3552778],[106.7801759,11.3536842],[106.7798795,11.3536395],[106.779921,11.3530793],[106.7791271,11.352585],[106.7792237,11.3518591],[106.778537,11.3503023],[106.7771101,11.3485772],[106.7761016,11.3479461],[106.7758334,11.3457949],[106.7752701,11.3449849]]]}},{"type":"Feature","properties":{"slug":"phuoc-hoa","name":"Phước Hòa","layer":"current","unit_type":"Xã","group":"Phú Giáo","summary":"Xã Phước Hòa thuộc khu vực Bình Dương cũ sau sắp xếp năm 2025.","dashboard_href":"/?tab=signals","dashboard_label":"Xem tin đang bán","source":"OpenStreetMap","former_units":"Vĩnh Hòa, Phước Hòa và phần còn lại của Tam Lập"},"geometry":{"type":"Polygon","coordinates":[[[106.7042986,11.2364685],[106.7045993,11.2340806],[106.706002,11.2332335],[106.7063986,11.2298327],[106.7082444,11.2246595],[106.7104957,11.2248524],[106.7120771,11.2108348],[106.7216469,11.2032739],[106.7243323,11.191324],[106.7252281,11.1915372],[106.7253354,11.1909372],[106.7272854,11.1912398],[106.7276126,11.1908109],[106.7298925,11.1913688],[106.730504,11.1917897],[106.7319875,11.1914282],[106.7325345,11.1928294],[106.7322503,11.1967775],[106.7328836,11.197986],[106.7344647,11.1995878],[106.7366946,11.2000411],[106.7381136,11.199925],[106.742267,11.200943],[106.744932,11.200258],[106.745987,11.200413],[106.748315,11.202178],[106.74938,11.204042],[106.750592,11.20507],[106.750485,11.206825],[106.751967,11.20979],[106.75353,11.210435],[106.7582298,11.2104162],[106.758687,11.190807],[106.7618756,11.1907961],[106.7622104,11.1903478],[106.7635354,11.1901268],[106.7645332,11.189077],[106.764343,11.1883462],[106.7780917,11.188689],[106.789126,11.188492],[106.7936486,11.189127],[106.7934973,11.1909201],[106.7928654,11.1930475],[106.7943647,11.1931369],[106.7940536,11.2018447],[106.8042943,11.1935763],[106.8139905,11.2046508],[106.8135345,11.205598],[106.8160611,11.2064294],[106.8162382,11.2061926],[106.8181136,11.2080885],[106.8187215,11.2091728],[106.819171,11.2114684],[106.8200683,11.2126702],[106.8198162,11.2153538],[106.8205002,11.215855],[106.8207292,11.216816],[106.8214309,11.2171692],[106.8214202,11.2174639],[106.823566,11.2173137],[106.8234633,11.2144081],[106.8240125,11.212994],[106.826794,11.210538],[106.8293349,11.209228],[106.8316319,11.2093138],[106.8345153,11.2112891],[106.8384994,11.2128616],[106.8390917,11.2139754],[106.8389954,11.2157593],[106.8383815,11.2166572],[106.8368442,11.2174674],[106.8332863,11.2183005],[106.8283324,11.2173955],[106.8273471,11.2174819],[106.827085,11.2179743],[106.8272138,11.2188688],[106.8282757,11.2214589],[106.8310349,11.2258026],[106.8323586,11.2268997],[106.8343143,11.2272944],[106.8383553,11.2259341],[106.8404674,11.2265243],[106.8419424,11.2279678],[106.8433024,11.2307587],[106.8446235,11.2325879],[106.8460169,11.2334854],[106.8492186,11.2343174],[106.8523089,11.2358785],[106.853958,11.237557],[106.8544423,11.2394828],[106.8542172,11.2405653],[106.8534768,11.241582],[106.8520474,11.242322],[106.8500179,11.2426622],[106.849237,11.2435211],[106.848639,11.2466341],[106.8494928,11.2517279],[106.8484417,11.250689],[106.8475505,11.248876],[106.8460049,11.2495223],[106.8454233,11.2491337],[106.8443772,11.2474351],[106.8434125,11.2483165],[106.8427819,11.2477638],[106.8424046,11.2488347],[106.8413812,11.2496625],[106.8413467,11.2506546],[106.8405382,11.2511513],[106.8402855,11.2523755],[106.8392332,11.2531315],[106.8387463,11.2530601],[106.8387982,11.2542623],[106.837956,11.2551842],[106.8374969,11.2547982],[106.8371704,11.2556435],[106.8363285,11.2553906],[106.8361922,11.255032],[106.8358471,11.2555198],[106.8355187,11.2555054],[106.8348312,11.2547081],[106.8344558,11.2551543],[106.8325293,11.255689],[106.8322134,11.2561549],[106.8311616,11.2558628],[106.8311845,11.2562789],[106.8308884,11.2564311],[106.8295947,11.2555202],[106.8270837,11.2552894],[106.8262275,11.2534319],[106.8248937,11.2542898],[106.8229705,11.2541425],[106.8220371,11.2549159],[106.8195367,11.2554317],[106.8179979,11.2576592],[106.8160861,11.2582286],[106.8149937,11.2589372],[106.8134697,11.2591012],[106.8096546,11.261907],[106.8088257,11.2620321],[106.8053967,11.2644176],[106.8045231,11.2659998],[106.8040073,11.2660643],[106.8034226,11.2667377],[106.8023618,11.2687835],[106.8013143,11.2698049],[106.8004636,11.2713659],[106.79849,11.273648],[106.7976067,11.2741781],[106.7976484,11.2746186],[106.7965639,11.2759153],[106.7970054,11.2778777],[106.7968492,11.2782438],[106.7964944,11.2782433],[106.7962718,11.2798268],[106.7956058,11.2809111],[106.7957821,11.281754],[106.79492,11.2827495],[106.794692,11.2841091],[106.7930531,11.284651],[106.7927983,11.285298],[106.7914438,11.2862765],[106.7911246,11.2869946],[106.7898694,11.2878179],[106.7896217,11.2890069],[106.7887107,11.2887543],[106.7881765,11.2892336],[106.7884625,11.2898038],[106.7883131,11.2903388],[106.7862061,11.2916042],[106.7852211,11.2942411],[106.7841418,11.29524],[106.784525,11.2964416],[106.7839409,11.2972811],[106.7841841,11.2985873],[106.783313,11.3000225],[106.7836917,11.3012921],[106.7835536,11.3018712],[106.7839658,11.3022817],[106.7834571,11.3027958],[106.7835279,11.3034835],[106.7837493,11.3037623],[106.7845141,11.3036959],[106.7850076,11.3043241],[106.784604,11.3046806],[106.7843943,11.3059303],[106.7835461,11.3068783],[106.7842637,11.3092817],[106.7826002,11.310157],[106.7823782,11.3121807],[106.7813726,11.3129545],[106.7808968,11.3142286],[106.7811307,11.3152035],[106.7807322,11.3158502],[106.7807612,11.3171337],[106.7802213,11.3177747],[106.7802392,11.3183504],[106.7768432,11.3187528],[106.7733496,11.317418],[106.7695248,11.3079813],[106.7655337,11.3080549],[106.7653835,11.3084652],[106.7629641,11.3073711],[106.7610437,11.3098276],[106.7585599,11.3100064],[106.7589385,11.3090176],[106.758193,11.3086714],[106.7585935,11.3078083],[106.759819,11.3083919],[106.7602819,11.3074605],[106.7599064,11.3073027],[106.7608808,11.3058925],[106.7609417,11.3051828],[106.759311,11.3025105],[106.7591339,11.2996646],[106.7548156,11.2957561],[106.7526054,11.2929049],[106.7504919,11.2913951],[106.7507815,11.2911689],[106.7504382,11.2904114],[106.7508513,11.289496],[106.7512053,11.2894382],[106.7510819,11.2883808],[106.7505401,11.2883282],[106.7507225,11.2877021],[106.741206,11.2782433],[106.7405241,11.2783055],[106.7384434,11.2736743],[106.7380571,11.2726352],[106.7381751,11.2720618],[106.7362869,11.272146],[106.7356217,11.2728825],[106.7354232,11.2724564],[106.7342591,11.2723459],[106.7338166,11.2713069],[106.733146,11.2718119],[106.7321804,11.2710017],[106.7315206,11.272025],[106.7301124,11.2727826],[106.730622,11.2750658],[106.7312282,11.2755814],[106.731196,11.276723],[106.7307267,11.2773385],[106.7283663,11.2784406],[106.7279667,11.2792008],[106.7266336,11.2792902],[106.7267141,11.2798479],[106.7260328,11.2800688],[106.725601,11.2796795],[106.7248687,11.280516],[106.7248258,11.2799268],[106.7245039,11.2797742],[106.7218442,11.280059],[106.7237985,11.2748869],[106.7266121,11.2708965],[106.7278098,11.2639204],[106.7283707,11.2634538],[106.7302304,11.2628747],[106.729871,11.2606848],[106.7288572,11.2597404],[106.7274249,11.2598404],[106.7262903,11.2604138],[106.7235732,11.2594248],[106.7210229,11.2590043],[106.7208284,11.2567625],[106.7211418,11.2565127],[106.721127,11.2520538],[106.7195958,11.2520234],[106.716747,11.2476265],[106.7162082,11.2478596],[106.7149441,11.245987],[106.7142718,11.245478],[106.713805,11.2442524],[106.7117339,11.2412153],[106.7093328,11.2394527],[106.7062691,11.239128],[106.7064186,11.2370866],[106.7056801,11.2366183],[106.7042986,11.2364685]]]}},{"type":"Feature","properties":{"slug":"phuoc-thanh","name":"Phước Thành","layer":"current","unit_type":"Xã","group":"Phú Giáo","summary":"Xã Phước Thành thuộc khu vực Bình Dương cũ sau sắp xếp năm 2025.","dashboard_href":"/?tab=signals","dashboard_label":"Xem tin đang bán","source":"OpenStreetMap","former_units":"Tân Hiệp, An Thái và Phước Sang"},"geometry":{"type":"Polygon","coordinates":[[[106.704204,11.3964079],[106.7044625,11.3955357],[106.7057231,11.395069],[106.7103794,11.3921859],[106.711911,11.3872466],[106.7144993,11.384445],[106.7181047,11.3822767],[106.7187828,11.3828699],[106.7184287,11.3831408],[106.7183,11.3840637],[106.7196786,11.3840085],[106.7211002,11.3813317],[106.7234069,11.3798224],[106.7249304,11.3805692],[106.7271352,11.3808794],[106.7277769,11.3812574],[106.7291401,11.3794855],[106.7276334,11.3785057],[106.7286909,11.3770272],[106.7293701,11.3762693],[106.7314897,11.3755126],[106.732563,11.3739076],[106.7338025,11.3733854],[106.7324889,11.3703719],[106.7320919,11.3672269],[106.7327303,11.3667325],[106.732521,11.3628723],[106.7332828,11.3608264],[106.7330629,11.3596431],[106.7335832,11.3583072],[106.7336476,11.3566873],[106.735037,11.3550411],[106.734581,11.3548412],[106.7348009,11.3530793],[106.7342699,11.3528006],[106.7345434,11.3522378],[106.734184,11.3521642],[106.7339373,11.3513542],[106.7333686,11.3510492],[106.7336261,11.3506705],[106.7339426,11.350965],[106.7340124,11.350539],[106.7335135,11.3502813],[106.7335242,11.3495502],[106.7332184,11.3495502],[106.7317754,11.3473254],[106.7317271,11.3463419],[106.7310673,11.3454793],[106.7315876,11.3446746],[106.7313838,11.3440435],[106.7317539,11.3437226],[106.7316467,11.3433439],[106.7331111,11.3427601],[106.7334866,11.3421237],[106.7337871,11.3421237],[106.7340982,11.3412716],[106.7350799,11.3406352],[106.7343235,11.3385418],[106.735391,11.3380843],[106.7353749,11.3375267],[106.735627,11.3374531],[106.7355949,11.3361907],[106.7350745,11.3365589],[106.7348492,11.3362959],[106.7353642,11.3352545],[106.7350101,11.3340079],[106.7354339,11.3337029],[106.7353749,11.3330296],[106.7358792,11.3326877],[106.7354232,11.3324089],[106.7354125,11.332046],[106.7359918,11.3316147],[106.7363432,11.3318567],[106.7362386,11.3314674],[106.7366356,11.3314674],[106.7366758,11.3306495],[106.7373759,11.3304786],[106.7350262,11.3290492],[106.7349122,11.329305],[106.7312282,11.3288585],[106.7292112,11.328301],[106.7293829,11.3249977],[106.731589,11.3217129],[106.7316607,11.319528],[106.730547,11.3180144],[106.7297021,11.3184017],[106.727457,11.3156822],[106.7266738,11.31402],[106.7262876,11.3144355],[106.7259872,11.3142672],[106.7250967,11.3125366],[106.7239594,11.311958],[106.7240936,11.310827],[106.7245656,11.3102589],[106.7251342,11.31028],[106.7254132,11.3094909],[106.7252469,11.3087913],[106.7246193,11.3086651],[106.724571,11.3081022],[106.7249626,11.3077971],[106.7248004,11.3068525],[106.7277816,11.3061086],[106.7312014,11.3029629],[106.7338756,11.2991859],[106.7340177,11.2977919],[106.733433,11.2954825],[106.7326525,11.2929759],[106.7313006,11.2907796],[106.7311209,11.2889042],[106.7314964,11.2875759],[106.7334276,11.2854611],[106.7388457,11.2818286],[106.7403625,11.2798847],[106.7405241,11.2783055],[106.741206,11.2782433],[106.7507225,11.2877021],[106.7505401,11.2883282],[106.7510819,11.2883808],[106.7512053,11.2894382],[106.7508513,11.289496],[106.7503738,11.290606],[106.7507601,11.2909848],[106.7505455,11.2914688],[106.7526054,11.2929049],[106.7548156,11.2957561],[106.7591339,11.2996646],[106.759311,11.3025105],[106.7609417,11.3051828],[106.7608808,11.3058925],[106.7599064,11.3073027],[106.7602819,11.3074605],[106.759819,11.3083919],[106.7585935,11.3078083],[106.758193,11.3086714],[106.7589385,11.3090176],[106.7585599,11.3100064],[106.7610437,11.3098276],[106.7629641,11.3073711],[106.7653835,11.3084652],[106.7655337,11.3080549],[106.7695248,11.3079813],[106.7733496,11.317418],[106.7768432,11.3187528],[106.7802392,11.3183504],[106.7803171,11.3191778],[106.779646,11.3201235],[106.7797198,11.3214513],[106.7791544,11.3220919],[106.7797253,11.3230042],[106.7791252,11.3236823],[106.7792687,11.3249085],[106.779736,11.3252397],[106.7783976,11.3267204],[106.7784458,11.327391],[106.7778853,11.3275409],[106.7773569,11.328969],[106.7768848,11.3293214],[106.777212,11.3296738],[106.777153,11.3305575],[106.776292,11.3307942],[106.7757502,11.3314622],[106.7758655,11.3320618],[106.7767346,11.3325457],[106.7769545,11.3341447],[106.7760909,11.3368377],[106.7756993,11.337027],[106.7759567,11.3376372],[106.7757904,11.3386313],[106.7767239,11.3389205],[106.7769599,11.3395359],[106.7766166,11.3407983],[106.7771155,11.3411138],[106.7766246,11.3418265],[106.7760882,11.3417397],[106.7756188,11.3427075],[106.7760211,11.3430178],[106.7752701,11.3449849],[106.7758334,11.3457949],[106.7759836,11.3477252],[106.7771101,11.3485772],[106.778537,11.3503023],[106.7792237,11.3518591],[106.7791271,11.352585],[106.779921,11.3530793],[106.7798795,11.3536395],[106.7801759,11.3536842],[106.7809242,11.3553514],[106.7819059,11.3558616],[106.783703,11.3576603],[106.7855483,11.3579548],[106.7862135,11.3594116],[106.7861465,11.3609684],[106.7865783,11.3620203],[106.7863154,11.3626829],[106.7882734,11.366701],[106.7889279,11.3671796],[106.7903066,11.367269],[106.7906552,11.3677423],[106.7935842,11.368831],[106.7938203,11.3691675],[106.7941529,11.3688783],[106.7943299,11.3691938],[106.7947644,11.369065],[106.7955288,11.3694147],[106.7959258,11.3689914],[106.796591,11.3690702],[106.7971998,11.370009],[106.7974412,11.3699564],[106.7973554,11.3714079],[106.7978382,11.3715289],[106.7974573,11.3718339],[106.7979884,11.3727911],[106.797629,11.3730014],[106.7980099,11.3748053],[106.7985195,11.3750051],[106.7982995,11.3755495],[106.7985026,11.3788213],[106.8000586,11.3802051],[106.8005554,11.3813461],[106.8002281,11.382749],[106.7985544,11.3825281],[106.798616,11.381642],[106.7974788,11.3816367],[106.797055,11.3807112],[106.7965507,11.3806954],[106.7961752,11.3795437],[106.7936754,11.3795437],[106.7936057,11.383004],[106.7894053,11.3829252],[106.7892873,11.3859017],[106.7884826,11.3858807],[106.7890352,11.4012203],[106.7809188,11.4012676],[106.7747175,11.4020669],[106.7694551,11.4040494],[106.7713241,11.4103001],[106.7706967,11.4264331],[106.7720618,11.4270608],[106.7731531,11.4265656],[106.774304,11.4265392],[106.7756611,11.4270418],[106.7766216,11.4263817],[106.7775309,11.4267599],[106.7793584,11.4268555],[106.7821877,11.4281593],[106.7826222,11.4287579],[106.7844111,11.4293312],[106.7858366,11.4313119],[106.7882442,11.4326959],[106.7918059,11.4356203],[106.7960167,11.4416684],[106.7993832,11.4456201],[106.8022818,11.4473288],[106.8046046,11.4495674],[106.8060746,11.4518982],[106.8063512,11.4550012],[106.8059994,11.4573639],[106.8064729,11.4587643],[106.8075401,11.4603512],[106.808723,11.4611345],[106.8060733,11.4652944],[106.8060208,11.4670625],[106.8040833,11.4702304],[106.803497,11.4718445],[106.8027931,11.4752645],[106.8029376,11.476356],[106.8025436,11.4772486],[106.8029894,11.4782358],[106.8027859,11.4789294],[106.8031556,11.480606],[106.802847,11.4819873],[106.8015055,11.4851039],[106.7992088,11.4877107],[106.7988387,11.4885888],[106.7981246,11.4890704],[106.7980126,11.489984],[106.7973639,11.491033],[106.7964134,11.4912444],[106.7950661,11.4910145],[106.7944752,11.491368],[106.7932094,11.4912521],[106.7915733,11.4918977],[106.7905912,11.4918704],[106.788706,11.4903762],[106.7863193,11.4892416],[106.7837093,11.4887879],[106.7803362,11.4874258],[106.7792857,11.486517],[106.7783305,11.4848537],[106.7764579,11.4841093],[106.7747282,11.4829351],[106.7714363,11.48263],[106.769635,11.4821097],[106.7689246,11.4826792],[106.7683366,11.4826661],[106.7676893,11.4814878],[106.7677654,11.4803417],[106.7673869,11.4798629],[106.7667779,11.4798229],[106.7650738,11.4805085],[106.7635344,11.4804442],[106.7623668,11.4799714],[106.7587762,11.4774872],[106.7554814,11.4772591],[106.7539307,11.4766821],[106.753119,11.4729158],[106.7504378,11.4695197],[106.7499734,11.4673851],[106.750544,11.4655558],[106.7523613,11.4624976],[106.7523388,11.458088],[106.7526235,11.4564522],[106.7534196,11.4554591],[106.755859,11.454143],[106.7565752,11.4530047],[106.7565808,11.4516642],[106.755391,11.4489962],[106.7536118,11.4468581],[106.7509621,11.4449551],[106.7480395,11.4436388],[106.7440618,11.4427498],[106.7425138,11.4417065],[106.7418133,11.4405744],[106.7414436,11.4389025],[106.7420681,11.4348191],[106.741545,11.4337103],[106.7407103,11.4330179],[106.73821,11.4320867],[106.7348098,11.4316603],[106.7330785,11.4318494],[106.7308633,11.432879],[106.7291542,11.4332796],[106.727903,11.4330837],[106.7269781,11.4324805],[106.7256426,11.4294518],[106.725733,11.4281788],[106.7264764,11.4258705],[106.7260914,11.4238636],[106.7252868,11.4231221],[106.7239972,11.4227424],[106.7223362,11.4226361],[106.7197652,11.4229922],[106.7182382,11.4225407],[106.7177843,11.4215074],[106.717684,11.420232],[106.7188052,11.4156701],[106.7185995,11.4145009],[106.7166284,11.4123516],[106.7115408,11.4084455],[106.7094084,11.4063386],[106.7088828,11.4053288],[106.708774,11.4042943],[106.7101089,11.4021143],[106.7101487,11.4007125],[106.708939,11.3993765],[106.7048782,11.3973368],[106.704204,11.3964079]]]}},{"type":"Feature","properties":{"slug":"an-long","name":"An Long","layer":"current","unit_type":"Xã","group":"Phú Giáo","summary":"Xã An Long thuộc khu vực Bình Dương cũ sau sắp xếp năm 2025.","dashboard_href":"/?tab=signals","dashboard_label":"Xem tin đang bán","source":"OpenStreetMap","former_units":"An Linh, Tân Long và An Long"},"geometry":{"type":"Polygon","coordinates":[[[106.6437094,11.3413523],[106.6443622,11.3399462],[106.6445821,11.3400461],[106.6458558,11.3380648],[106.6454521,11.3341767],[106.6463994,11.3302856],[106.6481306,11.3282946],[106.6493216,11.3275646],[106.6499555,11.3260438],[106.6522694,11.325145],[106.6527666,11.3238504],[106.6542379,11.3231814],[106.6581357,11.3189407],[106.6611636,11.318883],[106.6627886,11.31917],[106.6645969,11.3178086],[106.6659701,11.3155993],[106.6676974,11.3146696],[106.6685075,11.3136623],[106.6693389,11.3135439],[106.6698486,11.3121552],[106.6735024,11.3135242],[106.6736869,11.3138166],[106.6732894,11.3142127],[106.6743984,11.3151122],[106.6753627,11.3148927],[106.675831,11.3156525],[106.6770169,11.3154475],[106.6774465,11.3163389],[106.6784381,11.3165915],[106.6791197,11.314153],[106.6834956,11.3059744],[106.6837601,11.3038314],[106.6834376,11.2911288],[106.6829069,11.2814689],[106.6823936,11.2798789],[106.6818259,11.2489044],[106.7070316,11.2519801],[106.7069313,11.2539298],[106.709159,11.2548949],[106.7098043,11.2572705],[106.710602,11.2583462],[106.7118305,11.2590933],[106.7140709,11.2592475],[106.7158523,11.2575204],[106.7173263,11.2573887],[106.7199576,11.2589381],[106.7230475,11.259288],[106.7262903,11.2604138],[106.7274249,11.2598404],[106.7288572,11.2597404],[106.7298281,11.2606296],[106.7302304,11.2628747],[106.7283707,11.2634538],[106.7278098,11.2639204],[106.7266121,11.2708965],[106.7237985,11.2748869],[106.7218442,11.280059],[106.7245039,11.2797742],[106.7248258,11.2799268],[106.7248687,11.280516],[106.725601,11.2796795],[106.7260328,11.2800688],[106.7267141,11.2798479],[106.7266336,11.2792902],[106.7279667,11.2792008],[106.7283663,11.2784406],[106.7307267,11.2773385],[106.731196,11.276723],[106.7312282,11.2755814],[106.730622,11.2750658],[106.7301124,11.2727826],[106.7315206,11.272025],[106.7321804,11.2710017],[106.733146,11.2718119],[106.7338166,11.2713069],[106.7342591,11.2723459],[106.7354232,11.2724564],[106.7356217,11.2728825],[106.7362869,11.272146],[106.7381751,11.2720618],[106.7380571,11.2726352],[106.7401493,11.276986],[106.7405677,11.2787221],[106.7401104,11.2803819],[106.7388457,11.2818286],[106.7334276,11.2854611],[106.7314964,11.2875759],[106.7311209,11.2889042],[106.7313006,11.2907796],[106.7326525,11.2929759],[106.733433,11.2954825],[106.7340177,11.2977919],[106.7338756,11.2991859],[106.7312014,11.3029629],[106.7277816,11.3061086],[106.7248004,11.3068525],[106.7249626,11.3077971],[106.724571,11.3081022],[106.7246193,11.3086651],[106.7252469,11.3087913],[106.7254132,11.3094909],[106.7251342,11.31028],[106.7245656,11.3102589],[106.7240936,11.310827],[106.7239594,11.311958],[106.7250967,11.3125366],[106.7257082,11.3139937],[106.7262876,11.3144355],[106.7266738,11.31402],[106.727457,11.3156822],[106.7297021,11.3184017],[106.730547,11.3180144],[106.7316607,11.319528],[106.731589,11.3217129],[106.7293829,11.3249977],[106.7292112,11.328301],[106.7312282,11.3288585],[106.7349122,11.329305],[106.7350262,11.3290492],[106.7373759,11.3304786],[106.7366758,11.3306495],[106.7366356,11.3314674],[106.7362386,11.3314674],[106.7363432,11.3318567],[106.7359918,11.3316147],[106.7354125,11.332046],[106.7354232,11.3324089],[106.7358792,11.3326877],[106.7353749,11.3330296],[106.7354339,11.3337029],[106.7350101,11.3340079],[106.7353642,11.3352545],[106.7348492,11.3362959],[106.7350745,11.3365589],[106.7355949,11.3361907],[106.735627,11.3374531],[106.7353749,11.3375267],[106.735391,11.3380843],[106.7343235,11.3385418],[106.7350799,11.3406352],[106.7340982,11.3412716],[106.7337871,11.3421237],[106.7334866,11.3421237],[106.7331111,11.3427601],[106.7316467,11.3433439],[106.7317539,11.3437226],[106.7313838,11.3440435],[106.7315876,11.3446746],[106.7310673,11.3454793],[106.7317271,11.3463419],[106.7317754,11.3473254],[106.7332184,11.3495502],[106.7335242,11.3495502],[106.7335135,11.3502813],[106.7340124,11.350539],[106.7339426,11.350965],[106.7336261,11.3506705],[106.7333686,11.3510492],[106.7339373,11.3513542],[106.734184,11.3521642],[106.7345434,11.3522378],[106.7342699,11.3528006],[106.7348009,11.3530793],[106.734581,11.3548412],[106.735037,11.3550411],[106.7336476,11.3566873],[106.7335832,11.3583072],[106.7330629,11.3596431],[106.7332828,11.3608264],[106.732521,11.3628723],[106.7327303,11.3667325],[106.7320919,11.3672269],[106.7324889,11.3703719],[106.7338025,11.3733854],[106.732563,11.3739076],[106.7314897,11.3755126],[106.7293701,11.3762693],[106.7286909,11.3770272],[106.7276334,11.3785057],[106.7291401,11.3794855],[106.7277769,11.3812574],[106.7271352,11.3808794],[106.7249304,11.3805692],[106.7234069,11.3798224],[106.7211002,11.3813317],[106.7196786,11.3840085],[106.7183,11.3840637],[106.7184287,11.3831408],[106.7187828,11.3828699],[106.7181047,11.3822767],[106.7149204,11.38414],[106.711911,11.3872466],[106.7103794,11.3921859],[106.7057231,11.395069],[106.7044625,11.3955357],[106.7042128,11.3965216],[106.7025511,11.3978608],[106.7004606,11.3984622],[106.7004121,11.3992202],[106.6979741,11.4019602],[106.6976104,11.4030679],[106.6929483,11.4018853],[106.6928649,11.3994482],[106.6897802,11.397821],[106.6864013,11.3955296],[106.6856791,11.3969984],[106.6839516,11.3985566],[106.6804057,11.3977075],[106.6798963,11.398356],[106.6774338,11.3979763],[106.6758342,11.401802],[106.6734163,11.4012617],[106.6792039,11.3849353],[106.6771891,11.3830605],[106.6763599,11.3829468],[106.6757466,11.3823361],[106.676253,11.3813064],[106.6775193,11.3809018],[106.6782833,11.3785086],[106.6781092,11.377737],[106.6786113,11.3769738],[106.6784278,11.3761359],[106.6789286,11.3755403],[106.6785639,11.3745057],[106.6778068,11.374075],[106.6779323,11.3733749],[106.6774686,11.3721678],[106.677858,11.3703019],[106.6774935,11.3683162],[106.6776584,11.3674309],[106.6772852,11.365832],[106.6767573,11.3650072],[106.6774327,11.3640516],[106.6769872,11.3634618],[106.6770692,11.3627061],[106.6760376,11.3620969],[106.6761526,11.3611816],[106.6757906,11.36054],[106.6757016,11.3592186],[106.6751389,11.3593702],[106.6748958,11.3591253],[106.6756717,11.3579697],[106.6748887,11.3578176],[106.6737855,11.3565221],[106.6741739,11.3561039],[106.6736642,11.355293],[106.6741558,11.3547183],[106.6720164,11.3543659],[106.6712996,11.3537498],[106.6699583,11.3544751],[106.6689485,11.3540419],[106.6673901,11.3545576],[106.6671228,11.3549212],[106.6664183,11.3540658],[106.6653256,11.3540893],[106.6644345,11.3549168],[106.6633793,11.3549202],[106.6629768,11.3553377],[106.6609463,11.3555565],[106.6597715,11.3561308],[106.6589135,11.3560349],[106.653741,11.350751],[106.652907,11.348997],[106.651916,11.348435],[106.651444,11.347626],[106.650317,11.347389],[106.6490851,11.3464448],[106.6472897,11.3439199],[106.6453092,11.342178],[106.6437094,11.3413523]]]}},{"type":"Feature","properties":{"slug":"tru-van-tho","name":"Trừ Văn Thố","layer":"current","unit_type":"Xã","group":"Bàu Bàng","summary":"Xã Trừ Văn Thố thuộc khu vực Bình Dương cũ sau sắp xếp năm 2025.","dashboard_href":"/?tab=signals","dashboard_label":"Xem tin đang bán","source":"OpenStreetMap","former_units":"Trừ Văn Thố, Cây Trường II và một phần thị trấn Lai Uyên"},"geometry":{"type":"Polygon","coordinates":[[[106.5292608,11.382817],[106.5429764,11.3350424],[106.5464106,11.3355306],[106.5466414,11.3338031],[106.547277,11.3321091],[106.5488917,11.3321617],[106.5495086,11.3293267],[106.5476614,11.327713],[106.547075,11.3262715],[106.544894,11.3252105],[106.543254,11.3235675],[106.541075,11.3226805],[106.5396077,11.3215589],[106.5391566,11.3206293],[106.5383667,11.3200928],[106.5366649,11.3160997],[106.5370859,11.3155415],[106.5379232,11.3154165],[106.538055,11.3148769],[106.5384456,11.3148907],[106.5393846,11.314043],[106.5396838,11.3141284],[106.541488,11.3124715],[106.547673,11.3093185],[106.547984,11.3086665],[106.549017,11.3081035],[106.550163,11.3064137],[106.5511393,11.3061337],[106.5532851,11.3022001],[106.5542132,11.3018214],[106.5543526,11.3014163],[106.5549431,11.301405],[106.556745,11.2997415],[106.559897,11.2975505],[106.5624123,11.294475],[106.5651347,11.2930969],[106.5676403,11.2923052],[106.5724844,11.2932994],[106.5730046,11.2931756],[106.5743366,11.2939245],[106.5769098,11.2947061],[106.5797263,11.2940517],[106.5812927,11.2932889],[106.5833151,11.2932197],[106.5840697,11.293617],[106.5862334,11.2938807],[106.5865681,11.3233826],[106.5849244,11.3233935],[106.5850854,11.3261392],[106.5865998,11.3261704],[106.5866196,11.327917],[106.5879285,11.3279276],[106.5872741,11.3330769],[106.5880465,11.3331085],[106.5880003,11.333541],[106.5954066,11.3337734],[106.5953743,11.3317883],[106.5972887,11.3314847],[106.6003901,11.3303892],[106.6005671,11.3320355],[106.6035443,11.3315726],[106.6040003,11.3323222],[106.6054004,11.331662],[106.6065726,11.3316647],[106.6127014,11.3254922],[106.6171699,11.3295898],[106.6229314,11.3317778],[106.6254285,11.3317594],[106.6265124,11.3313461],[106.6294407,11.3315566],[106.6319931,11.3310656],[106.6341709,11.3291406],[106.6350469,11.3289743],[106.6352025,11.3295187],[106.6436556,11.3272463],[106.6475178,11.3291091],[106.6463994,11.3302856],[106.6461754,11.3320092],[106.6455092,11.3337172],[106.6458106,11.3382368],[106.6445821,11.3400461],[106.6443622,11.3399462],[106.6437094,11.3413523],[106.6453092,11.342178],[106.6472897,11.3439199],[106.6490851,11.3464448],[106.650317,11.347389],[106.651444,11.347626],[106.651916,11.348435],[106.652907,11.348997],[106.653741,11.350751],[106.6589135,11.3560349],[106.6582866,11.3563718],[106.6575047,11.3574513],[106.6567083,11.3574581],[106.6556442,11.3568535],[106.6555041,11.3572921],[106.6550418,11.3572485],[106.6545451,11.3578144],[106.6538821,11.3589413],[106.6527167,11.3587135],[106.6515146,11.3599898],[106.6500158,11.3593084],[106.6498356,11.3597233],[106.6489541,11.3598964],[106.647966,11.3591005],[106.6472962,11.3589573],[106.6437092,11.3601666],[106.6428253,11.3600559],[106.6424094,11.3596446],[106.6411781,11.3595668],[106.6401011,11.3597748],[106.6382967,11.359555],[106.6368769,11.3598619],[106.6361624,11.3596869],[106.6357939,11.3592016],[106.6346293,11.3595938],[106.6342973,11.3591136],[106.6327703,11.3588841],[106.6309937,11.3596716],[106.6299087,11.3592851],[106.6279673,11.3598564],[106.6261835,11.3598593],[106.6234546,11.3612777],[106.6222127,11.3623942],[106.6191102,11.3621295],[106.6161176,11.3632552],[106.6132669,11.3771781],[106.6130264,11.3806497],[106.6132392,11.387468],[106.5993961,11.3864397],[106.5975047,11.3854607],[106.5920494,11.3807295],[106.5903916,11.3813969],[106.5881376,11.3816434],[106.5870343,11.3813442],[106.5848833,11.3800184],[106.5837848,11.3801617],[106.5828628,11.3798151],[106.5809065,11.3800275],[106.5794102,11.3792247],[106.5761449,11.3786055],[106.5750338,11.377484],[106.572471,11.3761148],[106.5706149,11.3737167],[106.568512,11.3729872],[106.5681662,11.3724889],[106.5664233,11.3715921],[106.5661693,11.3709551],[106.5649789,11.3712049],[106.5632047,11.3708089],[106.5630126,11.3700437],[106.5621281,11.3698386],[106.5618808,11.3701897],[106.5604489,11.3705951],[106.5595189,11.3705015],[106.5589785,11.3710617],[106.5575659,11.3709223],[106.5563011,11.3713083],[106.5550169,11.371891],[106.5543355,11.3729674],[106.5527386,11.3731074],[106.5521964,11.3741728],[106.550085,11.3764758],[106.5501409,11.3774166],[106.5490558,11.3800327],[106.5486369,11.3801011],[106.5480652,11.3809801],[106.5476826,11.3808602],[106.5469229,11.3813764],[106.5468379,11.3832397],[106.5464918,11.3830417],[106.5450128,11.3837085],[106.5446736,11.3841441],[106.5448271,11.384474],[106.5437926,11.3852024],[106.5427221,11.3849985],[106.5418053,11.3858859],[106.5416618,11.3865078],[106.5397149,11.3875977],[106.5391941,11.387741],[106.5381561,11.3871119],[106.5379154,11.3873869],[106.5371224,11.3870971],[106.5368792,11.3874917],[106.5354299,11.3854423],[106.5347489,11.385517],[106.534165,11.3851611],[106.533863,11.3857344],[106.5330626,11.3858153],[106.5325994,11.3843506],[106.5317628,11.3840553],[106.5299404,11.3840717],[106.5293997,11.3835471],[106.5292608,11.382817]]]}},{"type":"Feature","properties":{"slug":"bau-bang","name":"Bàu Bàng","layer":"current","unit_type":"Xã","group":"Bàu Bàng","summary":"Xã Bàu Bàng thuộc khu vực Bình Dương cũ sau sắp xếp năm 2025.","dashboard_href":"/?tab=signals","dashboard_label":"Xem tin đang bán","source":"OpenStreetMap","former_units":"Phần còn lại của thị trấn Lai Uyên"},"geometry":{"type":"Polygon","coordinates":[[[106.5680587,11.2905376],[106.5741956,11.2652646],[106.5748716,11.2654151],[106.576522,11.2616443],[106.5876858,11.262805],[106.5891999,11.2561155],[106.5897149,11.2553762],[106.5896643,11.253598],[106.5901129,11.2515878],[106.5896353,11.249682],[106.5861623,11.2445274],[106.5924534,11.2458993],[106.6193667,11.250649],[106.6175079,11.2397999],[106.6184145,11.2395579],[106.6181539,11.2384376],[106.6186491,11.2380441],[106.6188545,11.237081],[106.6184742,11.2340046],[106.6202157,11.2311617],[106.6217941,11.2310288],[106.6218612,11.2312866],[106.6350496,11.2289504],[106.6340035,11.2233966],[106.6305649,11.2127255],[106.6311373,11.2126564],[106.6332659,11.2133806],[106.6335422,11.2137436],[106.6362458,11.2143882],[106.6368252,11.2149855],[106.6376647,11.2151854],[106.6381636,11.2161905],[106.6396067,11.2171218],[106.6405213,11.2183505],[106.6413179,11.2202001],[106.6415486,11.2224127],[106.6427234,11.2255198],[106.6427314,11.2273956],[106.6418624,11.2283559],[106.6419053,11.2290215],[106.6414735,11.229182],[106.6416049,11.229545],[106.6410872,11.2307526],[106.6416525,11.2341013],[106.6425717,11.2346263],[106.6418248,11.2367245],[106.6417229,11.2377453],[106.6420833,11.2380015],[106.6415204,11.2390616],[106.6410253,11.2440422],[106.6412428,11.2471291],[106.6422352,11.2513014],[106.6418758,11.2554973],[106.6412249,11.25621],[106.6413179,11.2567415],[106.6397032,11.2599877],[106.6406286,11.2605506],[106.639938,11.2614931],[106.6394162,11.2648016],[106.6379108,11.2680702],[106.637708,11.2693738],[106.6378123,11.2704067],[106.6395917,11.2743059],[106.6408312,11.2786705],[106.6389119,11.2837461],[106.6648784,11.2844524],[106.664841,11.282047],[106.6686555,11.2819096],[106.6689501,11.2866008],[106.6736634,11.2863855],[106.6734302,11.2817411],[106.6828986,11.2814069],[106.6837366,11.3044865],[106.6834956,11.3059744],[106.6791197,11.314153],[106.6784381,11.3165915],[106.6774465,11.3163389],[106.6770169,11.3154475],[106.675831,11.3156525],[106.6753627,11.3148927],[106.6743984,11.3151122],[106.6732894,11.3142127],[106.6736869,11.3138166],[106.6735024,11.3135242],[106.6698486,11.3121552],[106.6693389,11.3135439],[106.6685075,11.3136623],[106.6676974,11.3146696],[106.6659701,11.3155993],[106.6645969,11.3178086],[106.6627886,11.31917],[106.6611636,11.318883],[106.6580038,11.3190212],[106.6542379,11.3231814],[106.6527666,11.3238504],[106.6522694,11.325145],[106.6499555,11.3260438],[106.6493216,11.3275646],[106.6481306,11.3282946],[106.6475178,11.3291091],[106.6435119,11.3272366],[106.6400358,11.3284114],[106.6352025,11.3295187],[106.6350469,11.3289743],[106.6341709,11.3291406],[106.6319931,11.3310656],[106.6294407,11.3315566],[106.6265124,11.3313461],[106.6254285,11.3317594],[106.6229314,11.3317778],[106.6171699,11.3295898],[106.6127014,11.3254922],[106.6065726,11.3316647],[106.6054004,11.331662],[106.6040003,11.3323222],[106.6035443,11.3315726],[106.6005671,11.3320355],[106.6003901,11.3303892],[106.5972887,11.3314847],[106.5953743,11.3317883],[106.5954066,11.3337734],[106.5880003,11.333541],[106.5880465,11.3331085],[106.5872741,11.3330769],[106.5879285,11.3279276],[106.5866196,11.327917],[106.5865998,11.3261704],[106.5850854,11.3261392],[106.5849244,11.3233935],[106.5865681,11.3233826],[106.5862334,11.2938807],[106.5840697,11.293617],[106.5833151,11.2932197],[106.5812927,11.2932889],[106.5797263,11.2940517],[106.5765184,11.2946672],[106.5730697,11.2931926],[106.5706015,11.2929102],[106.5707221,11.2921378],[106.5685952,11.291695],[106.568799,11.2906744],[106.5680587,11.2905376]]]}},{"type":"Feature","properties":{"slug":"long-hoa","name":"Long Hòa","layer":"current","unit_type":"Xã","group":"Dầu Tiếng","summary":"Xã Long Hòa thuộc khu vực Bình Dương cũ sau sắp xếp năm 2025.","dashboard_href":"/?tab=signals","dashboard_label":"Xem tin đang bán","source":"OpenStreetMap","former_units":"Long Tân, Long Hòa và một phần Minh Tân, Minh Thạnh"},"geometry":{"type":"Polygon","coordinates":[[[106.447531,11.3885469],[106.4486146,11.3841873],[106.4502883,11.3845844],[106.4520639,11.3786602],[106.4519647,11.3769562],[106.4506891,11.3736985],[106.4501569,11.3709451],[106.4505839,11.3698615],[106.4503313,11.3688546],[106.4508271,11.365656],[106.4504519,11.3644974],[106.4521311,11.3638699],[106.4534554,11.3615099],[106.4546764,11.3609684],[106.4557476,11.3588128],[106.4563384,11.3585289],[106.4564135,11.3579465],[106.4582929,11.3554423],[106.4582791,11.35492],[106.4588369,11.3545096],[106.4586474,11.3540915],[106.4597712,11.3536325],[106.4602451,11.3530915],[106.4601816,11.3525179],[106.4605775,11.3519875],[106.4603919,11.3513796],[106.4608991,11.3511623],[106.4616381,11.3488599],[106.4621365,11.3485724],[106.4623462,11.3462672],[106.4632444,11.3458108],[106.4632217,11.3449659],[106.4623923,11.3434128],[106.4627217,11.341699],[106.4634553,11.3406589],[106.4640477,11.3387581],[106.4654128,11.3379704],[106.4650004,11.337279],[106.4651029,11.336563],[106.4656814,11.3360646],[106.4654501,11.333777],[106.4660653,11.3325186],[106.4658203,11.331421],[106.4663118,11.3307021],[106.4668982,11.3304609],[106.4675215,11.3286744],[106.4694499,11.3282353],[106.4700446,11.3275663],[106.4713517,11.3273858],[106.472606,11.3260999],[106.4726547,11.3248319],[106.4736257,11.3242838],[106.4735712,11.3235355],[106.4729285,11.3230849],[106.4720514,11.3214299],[106.4700454,11.3201506],[106.470582,11.3191756],[106.4698792,11.3186908],[106.4700404,11.3179058],[106.4704787,11.3176691],[106.4705068,11.3166395],[106.4711277,11.3162399],[106.4708716,11.3146565],[106.4712615,11.3134319],[106.4704362,11.3130302],[106.4698252,11.3120956],[106.4687285,11.311382],[106.4681891,11.3098458],[106.4685541,11.3090044],[106.468339,11.3081976],[106.4680836,11.3079393],[106.4674397,11.3080694],[106.4668758,11.3060201],[106.4675595,11.3051354],[106.4686329,11.3051215],[106.4688985,11.304564],[106.4706948,11.3036541],[106.4712528,11.3030601],[106.4727319,11.3026032],[106.4728229,11.3016478],[106.4721822,11.3008095],[106.4718208,11.2995684],[106.4721134,11.2981614],[106.4734449,11.2967474],[106.4736322,11.2957196],[106.4728934,11.2951327],[106.4726369,11.29442],[106.4748748,11.2929726],[106.4756566,11.2901694],[106.4764289,11.289791],[106.4766201,11.2885788],[106.4776745,11.288088],[106.4778078,11.2868894],[106.477198,11.2867198],[106.4770662,11.2862844],[106.4776549,11.2854138],[106.4774551,11.284734],[106.4781645,11.2838592],[106.4782976,11.282758],[106.4778186,11.2817746],[106.4788497,11.2802151],[106.4787559,11.2784419],[106.4800367,11.2776041],[106.4803259,11.2750188],[106.4821072,11.2739999],[106.4827591,11.2727931],[106.4822873,11.2712018],[106.4829863,11.2705637],[106.4829498,11.2690499],[106.4835055,11.2684],[106.4826062,11.2679688],[106.482625,11.2675084],[106.483169,11.2669163],[106.484023,11.2668749],[106.4850575,11.2663256],[106.4851561,11.2650441],[106.4857362,11.2647495],[106.4864501,11.2637527],[106.4875469,11.2634837],[106.4878245,11.2621308],[106.4886413,11.2614821],[106.4880123,11.2606594],[106.4901951,11.2600882],[106.4899136,11.2583587],[106.4906053,11.2576859],[106.4913797,11.2559497],[106.4923464,11.2557838],[106.492705,11.2554275],[106.4923937,11.2541013],[106.4927772,11.2535085],[106.4922618,11.2522766],[106.4908783,11.2519619],[106.4909291,11.2506095],[106.4917789,11.2496974],[106.4919323,11.2487365],[106.4917586,11.2484413],[106.4906298,11.2481649],[106.4912233,11.2472428],[106.4909076,11.2460001],[106.4919271,11.2457672],[106.4912161,11.2447773],[106.491335,11.2435125],[106.4919397,11.2427898],[106.4923775,11.2404865],[106.4932036,11.2394158],[106.493931,11.2369589],[106.4948919,11.2362437],[106.4946639,11.2352686],[106.4961152,11.2346541],[106.4962345,11.2335228],[106.497513,11.2331138],[106.497644,11.2310722],[106.4986567,11.2305724],[106.4986893,11.2296401],[106.4993168,11.2291362],[106.4994238,11.2283848],[106.5003115,11.2271036],[106.5008788,11.2267602],[106.5032029,11.2266353],[106.5049571,11.2289057],[106.5060393,11.2273732],[106.5072785,11.2268681],[106.508412,11.226836],[106.5104784,11.2276376],[106.5116061,11.2301391],[106.5115758,11.2316365],[106.510756,11.2329572],[106.509908,11.2332444],[106.5093478,11.2340306],[106.5125906,11.2363352],[106.5132612,11.2377058],[106.5124941,11.2392948],[106.5136394,11.2396973],[106.515356,11.2390002],[106.5168946,11.2391513],[106.5186605,11.2383846],[106.5193987,11.2399006],[106.5205622,11.2404892],[106.5187798,11.2453271],[106.5210128,11.2460124],[106.5212357,11.2455374],[106.5226616,11.2449591],[106.5242602,11.247145],[106.5253553,11.2470976],[106.5256745,11.247971],[106.5254545,11.2490285],[106.5274608,11.2501492],[106.5278323,11.2497335],[106.5298426,11.2507858],[106.5293705,11.2514592],[106.5303361,11.2525115],[106.5315646,11.2524484],[106.5315378,11.252059],[106.5319723,11.2524194],[106.5334395,11.251867],[106.5349828,11.2524009],[106.5354559,11.2538942],[106.5350783,11.2540794],[106.5353572,11.2551527],[106.5368271,11.2545108],[106.5365481,11.2537111],[106.5376746,11.2534585],[106.5378463,11.2550369],[106.5415585,11.2585093],[106.5421593,11.2578359],[106.5429961,11.2585514],[106.5433958,11.2583147],[106.5439564,11.2587619],[106.5442031,11.2586093],[106.5476551,11.2606348],[106.5481617,11.2592852],[106.548028,11.2572203],[106.5483284,11.2566942],[106.5496292,11.2572151],[106.5527768,11.2571979],[106.5531804,11.2578645],[106.5550205,11.2583357],[106.5558675,11.2594061],[106.5575657,11.2547715],[106.5684701,11.2581869],[106.5747011,11.2613188],[106.576522,11.2616443],[106.5748716,11.2654151],[106.5741956,11.2652646],[106.5680587,11.2905376],[106.568799,11.2906744],[106.5685952,11.291695],[106.5707221,11.2921378],[106.5706015,11.2929102],[106.5676403,11.2923052],[106.5629044,11.2941268],[106.5618521,11.2954208],[106.5610206,11.2959139],[106.559897,11.2975505],[106.556745,11.2997415],[106.5549431,11.301405],[106.5543526,11.3014163],[106.5542132,11.3018214],[106.5532851,11.3022001],[106.5511393,11.3061337],[106.550163,11.3064137],[106.549017,11.3081035],[106.547984,11.3086665],[106.547673,11.3093185],[106.541488,11.3124715],[106.5396838,11.3141284],[106.5393846,11.314043],[106.5384456,11.3148907],[106.538055,11.3148769],[106.5379232,11.3154165],[106.5370859,11.3155415],[106.5366649,11.3160997],[106.5383667,11.3200928],[106.5391566,11.3206293],[106.5396077,11.3215589],[106.541075,11.3226805],[106.543254,11.3235675],[106.544894,11.3252105],[106.547075,11.3262715],[106.5476614,11.327713],[106.5495086,11.3293267],[106.5488917,11.3321617],[106.547277,11.3321091],[106.5466414,11.3338031],[106.5464106,11.3355306],[106.5429764,11.3350424],[106.5292831,11.382483],[106.5293218,11.383368],[106.5299404,11.3840717],[106.5317628,11.3840553],[106.5325994,11.3843506],[106.5330626,11.3858153],[106.533863,11.3857344],[106.534165,11.3851611],[106.5347489,11.385517],[106.5354299,11.3854423],[106.5368792,11.3874917],[106.537216,11.3870908],[106.5379154,11.3873869],[106.5381862,11.3871141],[106.5388844,11.3875329],[106.5396337,11.3890404],[106.5411879,11.3895287],[106.541044,11.3900579],[106.5413892,11.3907295],[106.5387409,11.3938293],[106.5368579,11.3924193],[106.5335565,11.3909305],[106.532122,11.3921517],[106.5311908,11.3912451],[106.531216,11.3905543],[106.5288251,11.3904864],[106.5279695,11.3914918],[106.5267363,11.3891665],[106.525025,11.3892159],[106.5259561,11.3930029],[106.5243832,11.3933853],[106.5250288,11.396039],[106.5271134,11.4013482],[106.5276266,11.4047706],[106.5290642,11.4043574],[106.5293348,11.4066085],[106.5268118,11.4082676],[106.5260749,11.4072146],[106.5199067,11.4091618],[106.5196173,11.4095504],[106.5190132,11.409353],[106.5186703,11.4102411],[106.5192429,11.4149838],[106.5182614,11.4157948],[106.5169905,11.42001],[106.516399,11.4200717],[106.5161788,11.4216505],[106.5139642,11.4227174],[106.5134205,11.42327],[106.5120892,11.4234328],[106.5120399,11.4254714],[106.5116111,11.4261956],[106.5101784,11.4260539],[106.5087502,11.4263352],[106.5074996,11.4270376],[106.5061237,11.4283459],[106.5060658,11.4263847],[106.5063859,11.4252582],[106.505911,11.4240326],[106.5048094,11.4234045],[106.5057091,11.4223221],[106.5045043,11.4204126],[106.5033252,11.4198396],[106.502468,11.4185783],[106.4986158,11.4190744],[106.4963204,11.4151604],[106.4946105,11.4131911],[106.484515,11.4217284],[106.4593135,11.3928108],[106.4592586,11.3924657],[106.4600462,11.3915181],[106.447531,11.3885469]]]}},{"type":"Feature","properties":{"slug":"thanh-an","name":"Thanh An","layer":"current","unit_type":"Xã","group":"Dầu Tiếng","summary":"Xã Thanh An thuộc khu vực Bình Dương cũ sau sắp xếp năm 2025.","dashboard_href":"/?tab=signals","dashboard_label":"Xem tin đang bán","source":"OpenStreetMap","former_units":"Thanh An, một phần Định Hiệp và phần còn lại của Thanh Tuyền, An Lập"},"geometry":{"type":"Polygon","coordinates":[[[106.3723415,11.2490615],[106.3722727,11.2474413],[106.3726241,11.247191],[106.3727141,11.2463689],[106.3736469,11.244922],[106.3737204,11.2440353],[106.3743147,11.2430463],[106.3744139,11.2420098],[106.3731054,11.2408974],[106.3751706,11.2378815],[106.3775414,11.2357164],[106.3782004,11.2334338],[106.3784641,11.2292293],[106.379036,11.2284978],[106.3797573,11.2283927],[106.3816589,11.2293196],[106.382607,11.2292135],[106.3837041,11.2279168],[106.3837384,11.2264724],[106.3820883,11.2242324],[106.3798662,11.2187608],[106.3799537,11.2176315],[106.3819492,11.2166459],[106.3845687,11.2146099],[106.3887881,11.2130037],[106.3891872,11.2123611],[106.3891846,11.2118119],[106.3870935,11.2078857],[106.3866255,11.2027111],[106.3844807,11.2004733],[106.3840442,11.1975769],[106.383929,11.1928482],[106.3870156,11.1893657],[106.3879979,11.1856286],[106.3894492,11.185144],[106.3955785,11.1841899],[106.398,11.1817987],[106.3987713,11.1814188],[106.4015363,11.1818534],[106.4043165,11.183315],[106.4049823,11.184573],[106.4044718,11.1877384],[106.4050306,11.1881629],[106.4053598,11.1880394],[106.4064409,11.185634],[106.4078144,11.1839799],[106.4086585,11.1837319],[106.4102365,11.1838567],[106.4106877,11.1833664],[106.4097309,11.181642],[106.4096028,11.1807272],[106.4104014,11.1774791],[106.4098835,11.1734339],[106.4100632,11.1727497],[106.410664,11.1722498],[106.4111254,11.1722142],[106.4126649,11.1738589],[106.4164194,11.1743509],[106.4188662,11.1726471],[106.4209825,11.1722235],[106.4238122,11.1707209],[106.4263442,11.1705788],[106.4276209,11.171563],[106.4286751,11.1738891],[106.429528,11.1747259],[106.4308122,11.176926],[106.4328325,11.1787598],[106.4326823,11.1791808],[106.4337685,11.1795202],[106.4319177,11.1886246],[106.4631919,11.1952148],[106.4789935,11.204468],[106.4792898,11.204828],[106.4781431,11.2090011],[106.5078056,11.217427],[106.5082133,11.2164562],[106.51398,11.2181216],[106.517673,11.2178368],[106.5170085,11.219396],[106.5158017,11.2194397],[106.5155309,11.2203477],[106.5146268,11.2201814],[106.5147391,11.2214524],[106.5134575,11.2212984],[106.5132692,11.2220575],[106.5121848,11.2220804],[106.5121077,11.2229148],[106.5113367,11.2243109],[106.5098253,11.2237097],[106.5095293,11.2247373],[106.5084842,11.2242214],[106.5073549,11.2248014],[106.5065959,11.2243447],[106.5058368,11.2248042],[106.505153,11.2258348],[106.5041804,11.2254342],[106.5033368,11.2257909],[106.5030955,11.2267159],[106.5021423,11.2265715],[106.5003744,11.2270427],[106.4994238,11.2283848],[106.4993168,11.2291362],[106.4986893,11.2296401],[106.4986567,11.2305724],[106.497644,11.2310722],[106.497513,11.2331138],[106.4962345,11.2335228],[106.4961152,11.2346541],[106.4946639,11.2352686],[106.4948919,11.2362437],[106.4939727,11.2368855],[106.4932036,11.2394158],[106.4924195,11.2403714],[106.4919611,11.2427311],[106.4913561,11.2434463],[106.4911956,11.2445544],[106.4919271,11.2457672],[106.4909076,11.2460001],[106.4912233,11.2472428],[106.490626,11.2481209],[106.4919254,11.2486482],[106.4918044,11.2496497],[106.490909,11.250672],[106.4908783,11.2519619],[106.4922618,11.2522766],[106.4927772,11.2535085],[106.4923937,11.2541013],[106.492705,11.2554275],[106.4923464,11.2557838],[106.4913797,11.2559497],[106.4906053,11.2576859],[106.4899136,11.2583587],[106.4901951,11.2600882],[106.4880123,11.2606594],[106.4886413,11.2614821],[106.4878245,11.2621308],[106.4875469,11.2634837],[106.4864501,11.2637527],[106.4857362,11.2647495],[106.4851561,11.2650441],[106.4850575,11.2663256],[106.484023,11.2668749],[106.483169,11.2669163],[106.4825961,11.2675694],[106.4826062,11.2679688],[106.4835055,11.2684],[106.4829498,11.2690499],[106.4829863,11.2705637],[106.4822873,11.2712018],[106.4827591,11.2727931],[106.4821072,11.2739999],[106.4803259,11.2750188],[106.4800367,11.2776041],[106.4787559,11.2784419],[106.4788497,11.2802151],[106.4778186,11.2817746],[106.4782976,11.282758],[106.4781645,11.2838592],[106.4774551,11.284734],[106.4776549,11.2854138],[106.4770662,11.2862844],[106.477198,11.2867198],[106.4778078,11.2868894],[106.4776745,11.288088],[106.4766201,11.2885788],[106.4764289,11.289791],[106.4756566,11.2901694],[106.4748748,11.2929726],[106.4726369,11.29442],[106.4728934,11.2951327],[106.4736322,11.2957196],[106.4734449,11.2967474],[106.4721134,11.2981614],[106.4718208,11.2995684],[106.4721822,11.3008095],[106.4728229,11.3016478],[106.4727319,11.3026032],[106.4712528,11.3030601],[106.4706948,11.3036541],[106.4688985,11.304564],[106.4686329,11.3051215],[106.4675595,11.3051354],[106.4668758,11.3060201],[106.4674397,11.3080694],[106.4680836,11.3079393],[106.468339,11.3081976],[106.4685541,11.3090044],[106.4681891,11.3098458],[106.4687285,11.311382],[106.4698252,11.3120956],[106.4704362,11.3130302],[106.4712511,11.3133888],[106.4708716,11.3146565],[106.4711277,11.3162399],[106.4705068,11.3166395],[106.4704787,11.3176691],[106.4700404,11.3179058],[106.4698783,11.3187782],[106.470582,11.3191756],[106.4700794,11.3202184],[106.4720514,11.3214299],[106.4728779,11.3230121],[106.4736877,11.3238116],[106.4736257,11.3242838],[106.4728805,11.3245796],[106.4724484,11.3254106],[106.470952,11.3233672],[106.4617635,11.3148308],[106.4546369,11.3068837],[106.4363329,11.3108586],[106.4211059,11.3051512],[106.3973843,11.2880962],[106.3923821,11.2866316],[106.3962847,11.2711148],[106.3971674,11.271454],[106.4023894,11.2665588],[106.4034247,11.2616239],[106.4078826,11.262663],[106.4092331,11.2573998],[106.4047417,11.2563233],[106.4042817,11.2570217],[106.3957161,11.2550422],[106.3961962,11.2530771],[106.3894546,11.2513594],[106.3872242,11.2508437],[106.3865979,11.2522037],[106.3831714,11.2523379],[106.3829702,11.2517354],[106.3730648,11.2493626],[106.3723415,11.2490615]]]}},{"type":"Feature","properties":{"slug":"dau-tieng","name":"Dầu Tiếng","layer":"current","unit_type":"Xã","group":"Dầu Tiếng","summary":"Xã Dầu Tiếng thuộc khu vực Bình Dương cũ sau sắp xếp năm 2025.","dashboard_href":"/?tab=signals","dashboard_label":"Xem tin đang bán","source":"OpenStreetMap","former_units":"Thị trấn Dầu Tiếng, Định An, Định Thành và phần còn lại của Định Hiệp"},"geometry":{"type":"Polygon","coordinates":[[[106.3273346,11.3436374],[106.3278581,11.3415496],[106.3290803,11.3400265],[106.3340371,11.3376849],[106.3368885,11.3354086],[106.3388485,11.3327917],[106.3404229,11.3290858],[106.3411528,11.3284568],[106.3429877,11.327769],[106.3450772,11.3247297],[106.345131,11.3225487],[106.3420807,11.3145085],[106.3416344,11.3121393],[106.3378643,11.3028512],[106.3354769,11.3001312],[106.3353206,11.2957675],[106.3358496,11.2945825],[106.3380079,11.292358],[106.3395949,11.2918073],[106.3400862,11.2919267],[106.3401255,11.2922756],[106.3393674,11.2940016],[106.3381553,11.2954635],[106.3379802,11.2962475],[106.3382078,11.2968007],[106.339851,11.2981338],[106.3427453,11.2967358],[106.3447595,11.2942305],[106.3449114,11.2937682],[106.3446406,11.2934917],[106.3419703,11.2940788],[106.3411622,11.2938989],[106.3408434,11.2934099],[106.3413747,11.2906874],[106.3407846,11.2858135],[106.3424351,11.2837315],[106.3437736,11.2827258],[106.3448131,11.282452],[106.3453138,11.2826917],[106.3442075,11.2847492],[106.3442049,11.2858699],[106.3453465,11.2879768],[106.3471514,11.2895806],[106.3480239,11.2896582],[106.3517025,11.2884612],[106.3525532,11.287402],[106.3526049,11.2857103],[106.3544299,11.2880345],[106.3551971,11.2880148],[106.3553388,11.2862352],[106.3563305,11.2849771],[106.3563686,11.2843365],[106.3554319,11.283742],[106.3536596,11.2834899],[106.3533203,11.2828834],[106.3535839,11.2808317],[106.3541415,11.2803349],[106.3550137,11.2803096],[106.3552321,11.2799005],[106.3537529,11.2760945],[106.3541507,11.2725224],[106.3531493,11.2701257],[106.3527685,11.2660853],[106.351823,11.264638],[106.350486,11.2634469],[106.3504303,11.262909],[106.3508373,11.2625025],[106.3518393,11.2625286],[106.3536377,11.2618346],[106.3589269,11.2608663],[106.3603131,11.2612825],[106.3617598,11.2629074],[106.3622691,11.2630519],[106.3637417,11.2621504],[106.3644169,11.2601633],[106.3640177,11.2594879],[106.3620618,11.2593276],[106.3610887,11.2587145],[106.3606686,11.2577862],[106.3608149,11.2558788],[106.3567006,11.2553105],[106.3525616,11.2520987],[106.3514808,11.2506538],[106.3511018,11.2490465],[106.3513631,11.2484603],[106.3536658,11.2481873],[106.3554132,11.2471712],[106.3563191,11.2458403],[106.3586701,11.2398048],[106.3598974,11.238735],[106.3618048,11.2380813],[106.3631058,11.238353],[106.3647908,11.23994],[106.3658078,11.2417618],[106.370549,11.2448169],[106.3714509,11.2444809],[106.3731054,11.2408974],[106.3744139,11.2420098],[106.373675,11.2448588],[106.3722628,11.2474672],[106.3721743,11.2487444],[106.3725182,11.249175],[106.3829702,11.2517354],[106.3831714,11.2523379],[106.3865979,11.2522037],[106.3872242,11.2508437],[106.3961962,11.2530771],[106.3957161,11.2550422],[106.4042817,11.2570217],[106.4047417,11.2563233],[106.4092331,11.2573998],[106.4078826,11.262663],[106.4034247,11.2616239],[106.4023894,11.2665588],[106.3971674,11.271454],[106.3962847,11.2711148],[106.3923821,11.2866316],[106.3973843,11.2880962],[106.4211059,11.3051512],[106.4363329,11.3108586],[106.4546369,11.3068837],[106.4621142,11.315193],[106.4710387,11.3234581],[106.472622,11.3259839],[106.4713038,11.3274153],[106.4700446,11.3275663],[106.4694499,11.3282353],[106.4675215,11.3286744],[106.4668982,11.3304609],[106.4663118,11.3307021],[106.4658203,11.331421],[106.4660653,11.3325186],[106.4654501,11.333777],[106.4656814,11.3360646],[106.4651029,11.336563],[106.4650004,11.337279],[106.4654128,11.3379704],[106.4640477,11.3387581],[106.4634553,11.3406589],[106.4627217,11.341699],[106.4623923,11.3434128],[106.4632217,11.3449659],[106.4632444,11.3458108],[106.4623462,11.3462672],[106.4621365,11.3485724],[106.4616381,11.3488599],[106.4608991,11.3511623],[106.4603919,11.3513796],[106.4605775,11.3519875],[106.4601816,11.3525179],[106.4602451,11.3530915],[106.4597712,11.3536325],[106.4586474,11.3540915],[106.4588369,11.3545096],[106.4582791,11.35492],[106.4582929,11.3554423],[106.4564135,11.3579465],[106.4563384,11.3585289],[106.4557476,11.3588128],[106.4546764,11.3609684],[106.4534554,11.3615099],[106.4521311,11.3638699],[106.4504519,11.3644974],[106.4508271,11.365656],[106.4503313,11.3688546],[106.4505839,11.3698615],[106.4501569,11.3709451],[106.4506891,11.3736985],[106.4519647,11.3769562],[106.4520748,11.3783411],[106.4517635,11.3803062],[106.4502883,11.3845844],[106.4486146,11.3841873],[106.447531,11.3885469],[106.4387655,11.3862277],[106.438677,11.3865301],[106.4382157,11.3864171],[106.4377034,11.3884785],[106.436112,11.3893534],[106.4345937,11.3911672],[106.4348549,11.3960406],[106.43585,11.3976024],[106.4354932,11.3979074],[106.437124,11.4000713],[106.4364789,11.4001489],[106.4377141,11.4035498],[106.435504,11.4040967],[106.434592,11.4048382],[106.4349675,11.4057426],[106.4367136,11.4070941],[106.4343345,11.4080143],[106.4345571,11.4089292],[106.4337954,11.4089082],[106.4335754,11.4100545],[106.4332214,11.4100545],[106.4331838,11.4109011],[106.4349568,11.4111614],[106.4335111,11.4115085],[106.4335379,11.4123314],[106.4323282,11.4122709],[106.4323228,11.4124813],[106.4332858,11.4125417],[106.4331517,11.4173478],[106.43287,11.4179026],[106.431494,11.4174583],[106.4313921,11.4178001],[106.4328191,11.4182076],[106.4327708,11.4186729],[106.4330712,11.4188622],[106.4328754,11.4196667],[106.4324006,11.4195773],[106.4321995,11.4205974],[106.4315692,11.4207775],[106.4317499,11.42139],[106.4258319,11.4214966],[106.4233948,11.4207719],[106.4222592,11.4209708],[106.4202005,11.4205882],[106.4188313,11.4192461],[106.4175579,11.4189708],[106.4173056,11.4176027],[106.4165221,11.4171399],[106.4139497,11.4181629],[106.4088549,11.4186679],[106.402991,11.4203194],[106.3946441,11.4202569],[106.3817007,11.4220701],[106.3642247,11.4234504],[106.3611768,11.4206893],[106.3599659,11.4166315],[106.3597922,11.4131532],[106.3609153,11.4019692],[106.3603071,11.3976764],[106.3586296,11.3954044],[106.3555763,11.3938215],[106.354115,11.3927118],[106.3526834,11.3904742],[106.3518459,11.3868828],[106.3518536,11.3797644],[106.3510502,11.3785312],[106.3485575,11.3774401],[106.3474202,11.3761358],[106.3468475,11.3736224],[106.3464871,11.3690121],[106.3456319,11.365778],[106.3445024,11.3643824],[106.343131,11.3637249],[106.3372416,11.3638698],[106.3360233,11.3632844],[106.3356282,11.3624936],[106.3350987,11.3579956],[106.3340554,11.3549204],[106.3316497,11.3506742],[106.3279689,11.3460947],[106.3273346,11.3436374]]]}},{"type":"Feature","properties":{"slug":"minh-thanh","name":"Minh Thạnh","layer":"current","unit_type":"Xã","group":"Dầu Tiếng","summary":"Xã Minh Thạnh thuộc khu vực Bình Dương cũ sau sắp xếp năm 2025.","dashboard_href":"/?tab=signals","dashboard_label":"Xem tin đang bán","source":"OpenStreetMap","former_units":"Minh Hòa và phần còn lại của Minh Tân, Minh Thạnh"},"geometry":{"type":"Polygon","coordinates":[[[106.3642247,11.4234504],[106.3817007,11.4220701],[106.3946441,11.4202569],[106.402991,11.4203194],[106.4088549,11.4186679],[106.4139497,11.4181629],[106.4165221,11.4171399],[106.4173056,11.4176027],[106.4175579,11.4189708],[106.4188313,11.4192461],[106.4202005,11.4205882],[106.4222592,11.4209708],[106.4233948,11.4207719],[106.4258319,11.4214966],[106.4317499,11.42139],[106.4315692,11.4207775],[106.4321995,11.4205974],[106.4324006,11.4195773],[106.4328754,11.4196667],[106.4330712,11.4188622],[106.4327708,11.4186729],[106.4328191,11.4182076],[106.4313921,11.4178001],[106.431494,11.4174583],[106.43287,11.4179026],[106.4331517,11.4173478],[106.4332858,11.4125417],[106.4323228,11.4124813],[106.4323282,11.4122709],[106.4335379,11.4123314],[106.4335111,11.4115085],[106.4349568,11.4111614],[106.4331838,11.4109011],[106.4332214,11.4100545],[106.4335754,11.4100545],[106.4337954,11.4089082],[106.4345571,11.4089292],[106.4343345,11.4080143],[106.4367136,11.4070941],[106.4349675,11.4057426],[106.434592,11.4048382],[106.435504,11.4040967],[106.4377141,11.4035498],[106.4364789,11.4001489],[106.437124,11.4000713],[106.4354932,11.3979074],[106.43585,11.3976024],[106.4348549,11.3960406],[106.4345262,11.3913788],[106.436112,11.3893534],[106.4377034,11.3884785],[106.4382157,11.3864171],[106.438677,11.3865301],[106.4387655,11.3862277],[106.4600462,11.3915181],[106.4592586,11.3924657],[106.4593135,11.3928108],[106.484515,11.4217284],[106.4946105,11.4131911],[106.4963204,11.4151604],[106.4986158,11.4190744],[106.502468,11.4185783],[106.5033252,11.4198396],[106.5045043,11.4204126],[106.5057091,11.4223221],[106.5048094,11.4234045],[106.505911,11.4240326],[106.5063859,11.4252582],[106.5059477,11.4278102],[106.5062735,11.428441],[106.5073016,11.4271976],[106.5087502,11.4263352],[106.5101784,11.4260539],[106.5116111,11.4261956],[106.5120399,11.4254714],[106.5120892,11.4234328],[106.5134205,11.42327],[106.5139642,11.4227174],[106.5161788,11.4216505],[106.516399,11.4200717],[106.5169905,11.42001],[106.5182614,11.4157948],[106.5192429,11.4149838],[106.5186703,11.4102411],[106.5190132,11.409353],[106.5196173,11.4095504],[106.5199067,11.4091618],[106.5260749,11.4072146],[106.5268118,11.4082676],[106.5293348,11.4066085],[106.5290642,11.4043574],[106.5276266,11.4047706],[106.5271134,11.4013482],[106.5250288,11.396039],[106.5243832,11.3933853],[106.5259561,11.3930029],[106.525025,11.3892159],[106.5267363,11.3891665],[106.5279695,11.3914918],[106.5288251,11.3904864],[106.531216,11.3905543],[106.5311908,11.3912451],[106.532122,11.3921517],[106.5335565,11.3909305],[106.5368579,11.3924193],[106.5387409,11.3938293],[106.5416167,11.3904745],[106.5445141,11.3933164],[106.5444245,11.3949065],[106.5455235,11.3958184],[106.5459371,11.3970886],[106.5455915,11.3983455],[106.5461579,11.3991229],[106.5458258,11.4007114],[106.546651,11.4019134],[106.5474522,11.4024131],[106.5478355,11.4033828],[106.5475633,11.4061594],[106.5480083,11.4069072],[106.5472981,11.409023],[106.5479161,11.4098896],[106.5476257,11.4115006],[106.5479,11.4120533],[106.5474079,11.4125041],[106.5470071,11.4153259],[106.5445655,11.4181683],[106.5444914,11.4187488],[106.54484,11.4192921],[106.5444435,11.420213],[106.5428171,11.4219661],[106.5427456,11.4226355],[106.5419668,11.4228974],[106.5419766,11.4234888],[106.5411403,11.4238161],[106.5414924,11.4265219],[106.5422666,11.4271125],[106.5429806,11.4267821],[106.5433095,11.4270252],[106.5448751,11.4304435],[106.5453215,11.4306681],[106.5459158,11.433564],[106.5462798,11.4334762],[106.54678,11.4344999],[106.5489144,11.4360511],[106.5489896,11.4364646],[106.5498856,11.4365699],[106.5512674,11.4377851],[106.5530983,11.4383047],[106.5533094,11.4390973],[106.5537101,11.4390775],[106.5541166,11.4395635],[106.5544088,11.4393194],[106.5554845,11.4401415],[106.5575157,11.4395403],[106.5588802,11.4395079],[106.5596201,11.4410309],[106.5653785,11.4451559],[106.5654789,11.4461177],[106.5677451,11.4492199],[106.5700156,11.4505639],[106.5710065,11.4521685],[106.5723379,11.4535027],[106.5731675,11.4564432],[106.5728438,11.4565034],[106.5727561,11.4571081],[106.5712175,11.4593379],[106.56896,11.461766],[106.5687023,11.4627938],[106.5674724,11.4644331],[106.5665269,11.4650296],[106.5663528,11.4655778],[106.5602669,11.4719155],[106.5564,11.4849987],[106.5565022,11.483902],[106.5559485,11.4826744],[106.5554493,11.4821077],[106.5550754,11.4821832],[106.5544971,11.481261],[106.5549411,11.4803315],[106.554498,11.4799177],[106.5542877,11.4782616],[106.5537247,11.477882],[106.5526242,11.4779476],[106.5523679,11.4773887],[106.5514213,11.4768787],[106.5513842,11.4762556],[106.5500922,11.4742518],[106.5498331,11.4726674],[106.5481467,11.4707756],[106.5471049,11.4703978],[106.5457226,11.4683254],[106.543744,11.4681593],[106.54342,11.4673822],[106.5429774,11.4677324],[106.5423218,11.4675373],[106.5416475,11.4681704],[106.5400649,11.4675565],[106.5395216,11.467941],[106.5395563,11.4683951],[106.5379996,11.4692571],[106.5373458,11.4704805],[106.5353586,11.4713699],[106.5349668,11.4712733],[106.5335991,11.4723983],[106.533478,11.4728964],[106.529089,11.4751652],[106.5287803,11.4758458],[106.5274006,11.4770814],[106.5266802,11.4784377],[106.5242681,11.4802626],[106.5224266,11.480563],[106.5213649,11.481931],[106.5194251,11.4814736],[106.5186641,11.4824224],[106.5182721,11.4816597],[106.5168849,11.4814586],[106.5161743,11.4824337],[106.5142326,11.4823849],[106.5131459,11.483886],[106.5119677,11.4843817],[106.5114989,11.485446],[106.5098246,11.4861441],[106.5097055,11.4869809],[106.5088248,11.4874765],[106.5085312,11.4882207],[106.5070563,11.4884504],[106.5059796,11.4878519],[106.5049678,11.4889221],[106.5031332,11.4892533],[106.5018622,11.4916681],[106.5007246,11.4921709],[106.4985951,11.4940812],[106.4983963,11.4948766],[106.4973608,11.4957448],[106.4957528,11.4963902],[106.4947172,11.4960488],[106.4929378,11.4976194],[106.4921898,11.4976012],[106.4916084,11.4981909],[106.4899544,11.4977729],[106.4899946,11.4984006],[106.4893734,11.4995541],[106.4885595,11.4994646],[106.486308,11.4980089],[106.4845949,11.4979224],[106.4837099,11.4982718],[106.4828675,11.4990775],[106.4817935,11.4992255],[106.4809168,11.4984763],[106.4809553,11.4976629],[106.4804739,11.4972569],[106.4791929,11.4974812],[106.4769414,11.4956805],[106.4755221,11.4960651],[106.4746264,11.4953479],[106.4739346,11.4960373],[106.4727621,11.4964303],[106.4694347,11.4963928],[106.4672665,11.4981689],[106.4654622,11.4988019],[106.4568758,11.4989601],[106.4500216,11.4995075],[106.4437208,11.4988917],[106.4415628,11.499376],[106.4378334,11.5012776],[106.4349773,11.5015237],[106.432414,11.5004845],[106.4298255,11.4979158],[106.4278723,11.4966256],[106.4256772,11.4958895],[106.4233839,11.495733],[106.4228805,11.4923858],[106.4220015,11.4896303],[106.417439,11.4809644],[106.4144914,11.4764493],[106.4106942,11.4714368],[106.4061215,11.4669937],[106.4018463,11.4638599],[106.3971376,11.4611226],[106.3921549,11.4588994],[106.3851267,11.4567092],[106.3795876,11.4543906],[106.3727915,11.4506264],[106.3705602,11.4486383],[106.3679782,11.4450644],[106.3663569,11.4412813],[106.3658704,11.4383395],[106.3653778,11.4269121],[106.3642247,11.4234504]]]}}]}
